station_id,neighborhood,lon,lat
72,Clinton,-73.99392888,40.76727216
79,SoHo-TriBeCa-Civic Center-Little Italy,-74.00666661,40.71911552
82,park-cemetery-etc-Manhattan,-74.00016545,40.71117416
83,Fort Greene,-73.97632328,40.68382604
116,Hudson Yards-Chelsea-Flatiron-Union Square,-74.00149746,40.74177603
119,Fort Greene,-73.97803415,40.69608941
120,Bedford,-73.95928168,40.68676793
127,West Village,-74.00674436,40.73172428
128,SoHo-TriBeCa-Civic Center-Little Italy,-74.00297088,40.72710258
143,Brooklyn Heights-Cobble Hill,-73.99337909,40.69239502
144,DUMBO-Vinegar Hill-Downtown Brooklyn-Boerum Hill,-73.98068914,40.69839895
146,SoHo-TriBeCa-Civic Center-Little Italy,-74.0091059,40.71625008
150,Lower East Side,-73.98085795,40.7208736
151,park-cemetery-etc-Manhattan,-73.99724900722504,40.722103786686034
157,Brooklyn Heights-Cobble Hill,-73.99612349,40.69089272
161,West Village,-73.99810231,40.72917025
164,Turtle Bay-East Midtown,-73.97032517,40.75323098
168,Hudson Yards-Chelsea-Flatiron-Union Square,-73.99456405,40.73971301
173,Midtown-Midtown South,-73.9845272898674,40.76068327096592
174,Murray Hill-Kips Bay,-73.97738662,40.7381765
212,Hudson Yards-Chelsea-Flatiron-Union Square,-74.00681753,40.74334935
216,Brooklyn Heights-Cobble Hill,-73.99548059,40.70037867
217,DUMBO-Vinegar Hill-Downtown Brooklyn-Boerum Hill,-73.99383605,40.70277159
223,West Village,-73.99994661,40.73781509
224,park-cemetery-etc-Manhattan,-74.00552427,40.71146364
228,Turtle Bay-East Midtown,-73.971878855,40.7546011026
229,West Village,-73.99379025,40.72743423
236,East Village,-73.98713956,40.7284186
237,East Village,-73.98672378,40.73047309
238,West Village,-74.00859207,40.7361967
239,Fort Greene,-73.9813018,40.69196566
241,Fort Greene,-73.97493121,40.68981035
242,Fort Greene,-73.973736,40.697787
244,Clinton Hill,-73.96536851,40.69196035
245,Fort Greene,-73.97703874,40.69327018
247,West Village,-74.00483091,40.73535398
248,SoHo-TriBeCa-Civic Center-Little Italy,-74.00771779,40.72185379
249,SoHo-TriBeCa-Civic Center-Little Italy,-74.0090009,40.71870987
250,park-cemetery-etc-Manhattan,-73.99565293,40.72456089
251,park-cemetery-etc-Manhattan,-73.99480012,40.72317958
252,West Village,-73.99852205,40.73226398
254,West Village,-73.99800419,40.73532427
257,park-cemetery-etc-Manhattan,-74.00247214,40.71939226
258,Clinton Hill,-73.96885458,40.68940747
259,Battery Park City-Lower Manhattan,-74.01234218,40.70122128
260,Battery Park City-Lower Manhattan,-74.01167797,40.70365182
261,DUMBO-Vinegar Hill-Downtown Brooklyn-Boerum Hill,-73.98362464,40.69474881
262,Fort Greene,-73.9737299,40.6917823
264,Battery Park City-Lower Manhattan,-74.00731853,40.70706456
265,Chinatown,-73.99147535,40.72229346
267,Midtown-Midtown South,-73.98765428,40.75097711
268,park-cemetery-etc-Manhattan,-73.99973337,40.71910537
270,Fort Greene,-73.97178913,40.69308257
274,Fort Greene,-73.976682,40.68691865
275,Clinton Hill,-73.96563307,40.68650065
276,SoHo-TriBeCa-Civic Center-Little Italy,-74.0104554,40.71748752
278,DUMBO-Vinegar Hill-Downtown Brooklyn-Boerum Hill,-73.98476437,40.69766564
280,West Village,-73.99510132,40.73331967
281,Midtown-Midtown South,-73.97371465,40.7643971
282,North Side-South Side,-73.96841526031494,40.707644944175705
284,West Village,-74.0026376103,40.7390169121
285,West Village,-73.99074142,40.73454567
289,Clinton Hill,-73.95881081,40.6845683
291,Lower East Side,-73.984844,40.713126
293,West Village,-73.99102628231049,40.73020660529954
295,Chinatown,-73.99293911,40.71406667
297,Gramercy,-73.986923,40.734232
298,DUMBO-Vinegar Hill-Downtown Brooklyn-Boerum Hill,-73.9796772,40.68683208
301,East Village,-73.98368779,40.72217444
302,Lower East Side,-73.97793172,40.72082834
303,park-cemetery-etc-Manhattan,-73.99949601,40.72362738
304,Battery Park City-Lower Manhattan,-74.01361706,40.70463334
305,Turtle Bay-East Midtown,-73.96724467,40.76095756
307,Lower East Side,-73.98990025,40.71427487
308,park-cemetery-etc-Manhattan,-73.99851193,40.71307916
309,SoHo-TriBeCa-Civic Center-Little Italy,-74.013012,40.7149787
310,DUMBO-Vinegar Hill-Downtown Brooklyn-Boerum Hill,-73.98912867,40.68926942
311,Chinatown,-73.98802084,40.7172274
312,Chinatown,-73.989111,40.722055
313,park-cemetery-etc-Brooklyn,-73.96751037,40.69610226
315,Battery Park City-Lower Manhattan,-74.00670227,40.70355377
316,park-cemetery-etc-Manhattan,-74.00653609,40.70955958
317,East Village,-73.98185424,40.72453734
319,Battery Park City-Lower Manhattan,-74.009447,40.711066
320,park-cemetery-etc-Manhattan,-74.005549,40.717571
321,DUMBO-Vinegar Hill-Downtown Brooklyn-Boerum Hill,-73.98971773,40.69991755
323,DUMBO-Vinegar Hill-Downtown Brooklyn-Boerum Hill,-73.98631746,40.69236178
324,Fort Greene,-73.981013,40.689888
325,Gramercy,-73.98473765,40.73624527
326,East Village,-73.98426726,40.72953837
327,Battery Park City-Lower Manhattan,-74.01658354,40.7153379
328,SoHo-TriBeCa-Civic Center-Little Italy,-74.00965965,40.72405549
330,park-cemetery-etc-Manhattan,-74.00562789,40.71450451
331,Lower East Side,-73.99193043,40.71173107
332,Lower East Side,-73.97948148,40.71219906
334,Hudson Yards-Chelsea-Flatiron-Union Square,-73.99726235,40.74238787
335,West Village,-73.99404649,40.72903917
336,West Village,-73.99906065,40.73047747
340,Lower East Side,-73.98776323,40.71269042
341,Lower East Side,-73.97628939,40.71782143
342,Lower East Side,-73.98016555,40.71739973
343,park-cemetery-etc-Brooklyn,-73.96986848,40.69794
344,Bedford,-73.95380904,40.6851443
346,West Village,-74.00618026,40.73652889
347,SoHo-TriBeCa-Civic Center-Little Italy,-74.008591,40.728846
349,Lower East Side,-73.98329859,40.71850211
350,Lower East Side,-73.9870295,40.71559509
351,Battery Park City-Lower Manhattan,-74.00612572,40.70530954
353,Fort Greene,-73.97431458,40.68539567
354,Clinton Hill,-73.96223558,40.69363137
355,park-cemetery-etc-Manhattan,-73.99974372,40.71602118
356,Lower East Side,-73.98261206,40.71622644
358,West Village,-74.00711384,40.73291553
359,Turtle Bay-East Midtown,-73.97498696,40.75510267
360,Battery Park City-Lower Manhattan,-74.00887308,40.70717936
361,Chinatown,-73.99190759,40.71605866
362,Midtown-Midtown South,-73.98753523,40.75172632
363,Battery Park City-Lower Manhattan,-74.01713445,40.70834698
364,Clinton Hill,-73.96023854,40.68900443
366,Fort Greene,-73.968896,40.693261
367,Turtle Bay-East Midtown,-73.97069431,40.75828065
368,West Village,-74.00214988,40.73038599
369,West Village,-74.00026394,40.73224119
372,Bedford,-73.95801365375519,40.694546087246025
373,Bedford,-73.95381995,40.69331716
376,park-cemetery-etc-Manhattan,-74.00722156,40.70862144
377,SoHo-TriBeCa-Civic Center-Little Italy,-74.00566443,40.72243797
379,Midtown-Midtown South,-73.9916,40.749156
380,West Village,-74.00293877,40.73401143
383,West Village,-74.000271,40.735238
385,Turtle Bay-East Midtown,-73.96603308,40.75797322
386,park-cemetery-etc-Manhattan,-74.00234482,40.71494807
387,park-cemetery-etc-Manhattan,-74.0046073,40.71273266
388,Hudson Yards-Chelsea-Flatiron-Union Square,-74.002950346,40.749717753
389,North Side-South Side,-73.96525063,40.71044554
390,DUMBO-Vinegar Hill-Downtown Brooklyn-Boerum Hill,-73.9842844,40.69221589
391,Brooklyn Heights-Cobble Hill,-73.99344559,40.69760127
392,DUMBO-Vinegar Hill-Downtown Brooklyn-Boerum Hill,-73.987167,40.695065
393,Lower East Side,-73.97995466,40.72299208
394,Lower East Side,-73.97768752,40.72521311
396,Clinton Hill,-73.9557689392,40.680342423
397,Fort Greene,-73.96922273,40.68415748
398,Carroll Gardens-Columbia Street-Red Hook,-73.9999786,40.69165183
399,Clinton Hill,-73.9647628,40.68851534
400,Lower East Side,-73.98178024,40.71926081
401,Chinatown,-73.98997825,40.72019576
402,Hudson Yards-Chelsea-Flatiron-Union Square,-73.98955109,40.7403432
403,East Village,-73.99069656,40.72502876
405,West Village,-74.008119,40.739323
406,Brooklyn Heights-Cobble Hill,-73.99595065,40.69512845
408,Chinatown,-73.99400398,40.71076228
410,Chinatown,-73.98517977,40.72066442
411,Lower East Side,-73.97668709,40.72228087
412,Chinatown,-73.99422366,40.7158155
415,Battery Park City-Lower Manhattan,-74.00926027,40.7047177
416,Fort Greene,-73.97265183,40.68753406
417,SoHo-TriBeCa-Civic Center-Little Italy,-74.01020234,40.71291224
418,DUMBO-Vinegar Hill-Downtown Brooklyn-Boerum Hill,-73.982578,40.70224
419,Fort Greene,-73.97355569,40.69580705
420,Clinton Hill,-73.96968902,40.68764484
421,Fort Greene,-73.97129668,40.69573398
422,Lincoln Square,-73.988038,40.770513
423,Clinton,-73.98690506,40.76584941
426,Battery Park City-Lower Manhattan,-74.01322069,40.71754834
427,Battery Park City-Lower Manhattan,-74.013942,40.701907
432,East Village,-73.98379855,40.72621788
434,Hudson Yards-Chelsea-Flatiron-Union Square,-74.00366443,40.74317449
435,Hudson Yards-Chelsea-Flatiron-Union Square,-73.99415556,40.74173969
436,Clinton Hill,-73.95399026,40.68216564
437,Bedford,-73.9500479759,40.6809833854
438,East Village,-73.98564945,40.72779126
439,East Village,-73.98978041,40.7262807
440,Turtle Bay-East Midtown,-73.97282625,40.75255434
442,Midtown-Midtown South,-73.993915,40.746647
443,North Side-South Side,-73.96408963,40.70853074
445,East Village,-73.98142006,40.72740794
446,Hudson Yards-Chelsea-Flatiron-Union Square,-73.99529885,40.74487634
447,Clinton,-73.9851615,40.76370739
448,Hudson Yards-Chelsea-Flatiron-Union Square,-73.9979009,40.75660359
450,Clinton,-73.98788205,40.76227205
453,Hudson Yards-Chelsea-Flatiron-Union Square,-73.99915362,40.74475148
454,Turtle Bay-East Midtown,-73.96592976,40.75455731
455,Turtle Bay-East Midtown,-73.96905301,40.75001986
456,Midtown-Midtown South,-73.97402311,40.7597108
458,Hudson Yards-Chelsea-Flatiron-Union Square,-74.005226,40.751396
460,North Side-South Side,-73.96590294,40.71285887
461,Gramercy,-73.98205027,40.73587678
462,Hudson Yards-Chelsea-Flatiron-Union Square,-74.00451887,40.74691959
464,Turtle Bay-East Midtown,-73.96759673,40.75934501
465,Midtown-Midtown South,-73.98658032,40.75513557
466,Hudson Yards-Chelsea-Flatiron-Union Square,-73.99144871,40.74395411
467,Park Slope-Gowanus,-73.97895137,40.68312489
468,Midtown-Midtown South,-73.98192338,40.7652654
469,Midtown-Midtown South,-73.98268129,40.76344058
470,Hudson Yards-Chelsea-Flatiron-Union Square,-74.00004031,40.74345335
471,North Side-South Side,-73.95698119,40.71286844
472,Murray Hill-Kips Bay,-73.98194829,40.7457121
473,Chinatown,-73.9919254,40.72110063
474,Midtown-Midtown South,-73.98683077,40.7451677
476,Murray Hill-Kips Bay,-73.97966069,40.74394314
477,Midtown-Midtown South,-73.9900262,40.75640548
478,Hudson Yards-Chelsea-Flatiron-Union Square,-73.99884222,40.76030096
479,Clinton,-73.9912551,40.76019252
480,Clinton,-73.99061728,40.76669671
481,North Side-South Side,-73.96264403,40.71260486
482,Hudson Yards-Chelsea-Flatiron-Union Square,-73.99931783,40.73935542
483,East Village,-73.98889957,40.73223272
484,Midtown-Midtown South,-73.98014437,40.75500254
485,Midtown-Midtown South,-73.98338988,40.75038009
486,Midtown-Midtown South,-73.98855723,40.7462009
487,Stuyvesant Town-Cooper Village,-73.97573881,40.73314259
489,Hudson Yards-Chelsea-Flatiron-Union Square,-74.00176802,40.75066386
490,Hudson Yards-Chelsea-Flatiron-Union Square,-73.993934,40.751551
492,Midtown-Midtown South,-73.99093085,40.75019995
493,Midtown-Midtown South,-73.98291153,40.7568001
494,Hudson Yards-Chelsea-Flatiron-Union Square,-73.99723551,40.74734825
495,Clinton,-73.99301222,40.76269882
496,Hudson Yards-Chelsea-Flatiron-Union Square,-73.99238967,40.73726186
497,Hudson Yards-Chelsea-Flatiron-Union Square,-73.99009296,40.73704984
499,Lincoln Square,-73.98191841,40.76915505
500,Midtown-Midtown South,-73.98336183,40.76228826
501,Turtle Bay-East Midtown,-73.97121214,40.744219
502,Lower East Side,-73.981095,40.714211
503,Gramercy,-73.98751968,40.73827428
504,Stuyvesant Town-Cooper Village,-73.98165557,40.73221853
505,Midtown-Midtown South,-73.98848395,40.74901271
507,Murray Hill-Kips Bay,-73.97973776,40.73912601
508,Clinton,-73.99667444,40.76341379
509,Hudson Yards-Chelsea-Flatiron-Union Square,-74.00197139,40.7454973
513,Clinton,-73.988639,40.768254
514,Hudson Yards-Chelsea-Flatiron-Union Square,-74.00277668,40.76087502
515,Clinton,-73.99461843,40.76009437
516,Turtle Bay-East Midtown,-73.96784384,40.75206862
517,Murray Hill-Kips Bay,-73.97791,40.751581
519,Murray Hill-Kips Bay,-73.977706,40.751873
522,Turtle Bay-East Midtown,-73.97207836,40.75714758
525,Hudson Yards-Chelsea-Flatiron-Union Square,-74.0021163,40.75594159
526,Midtown-Midtown South,-73.98490707,40.74765947
528,Murray Hill-Kips Bay,-73.97706058,40.74290902
529,Clinton,-73.99098507,40.7575699
530,Lincoln Square,-73.99046033620834,40.77149671054441
531,Chinatown,-73.99266288,40.71893904
532,North Side-South Side,-73.960876,40.710451
533,Midtown-Midtown South,-73.98721619,40.75299641
534,Battery Park City-Lower Manhattan,-74.0127234,40.70255065
536,Murray Hill-Kips Bay,-73.97536082,40.74144387
539,North Side-South Side,-73.96024116,40.71534825
540,Murray Hill-Kips Bay,-73.98215353488922,40.74311555376486
545,Stuyvesant Town-Cooper Village,-73.97809472,40.736502
546,Murray Hill-Kips Bay,-73.98303529,40.74444921
2000,DUMBO-Vinegar Hill-Downtown Brooklyn-Boerum Hill,-73.98940236,40.70255088
2002,North Side-South Side,-73.963198,40.716887
2003,Stuyvesant Town-Cooper Village,-73.98054420948029,40.733812191966315
2005,,-73.97100056,40.70531194
2006,park-cemetery-etc-Manhattan,-73.97634151,40.76590936
2008,Battery Park City-Lower Manhattan,-74.01677685,40.70569254
2009,Chinatown,-73.99682619,40.71117444
2010,park-cemetery-etc-Manhattan,-74.00238141417502,40.72170005235607
2012,Murray Hill-Kips Bay,-73.976806,40.739445
2017,Turtle Bay-East Midtown,-73.97121414,40.75022392
2021,Clinton,-73.98859651,40.75929124
2022,Lenox Hill-Roosevelt Island,-73.959223,40.759107
3016,North Side-South Side,-73.96165072917938,40.72036775298455
3041,Crown Heights North,-73.94142771,40.67890679
3042,Crown Heights North,-73.9298911,40.6794268
3043,Stuyvesant Heights,-73.934903,40.6814598
3044,Stuyvesant Heights,-73.938475,40.6800105
3046,Stuyvesant Heights,-73.938037,40.682601
3047,Bedford,-73.944118,40.6823687
3048,Bedford,-73.94977,40.68402
3049,Clinton Hill,-73.96304,40.68488
3050,Stuyvesant Heights,-73.94111,40.6851532
3052,Stuyvesant Heights,-73.935775,40.686312
3053,Bedford,-73.947915,40.6900815
3054,Stuyvesant Heights,-73.942061,40.6894932
3055,Bedford,-73.950916,40.6883337
3056,Bedford,-73.95133465,40.69072549
3057,Bedford,-73.9452416,40.69128258
3058,Stuyvesant Heights,-73.93705428,40.69237074
3059,Stuyvesant Heights,-73.939877,40.6933982
3060,Bedford,-73.94626915,40.69425403
3061,Bedford,-73.94371094,40.69622937
3062,Bedford,-73.94954908,40.69539817
3063,Bedford,-73.95238108,40.69527008
3064,Stuyvesant Heights,-73.93756926,40.69681963
3065,Bedford,-73.95032283,40.70029511
3066,Bedford,-73.94708417,40.69957608
3067,Bedford,-73.9437303,40.7016657
3068,Bushwick South,-73.940636,40.7031724
3069,Williamsburg,-73.94818595,40.70411791
3070,East Williamsburg,-73.94407279,40.70510918
3071,East Williamsburg,-73.94976519,40.70538077
3072,East Williamsburg,-73.94644578,40.70583339
3074,Bushwick South,-73.94016171,40.70767788
3075,Williamsburg,-73.95796783,40.70708701
3076,East Williamsburg,-73.9448625,40.70870368
3077,North Side-South Side,-73.95095259,40.70877084
3078,North Side-South Side,-73.96063148975372,40.70924826276157
3080,North Side-South Side,-73.95608,40.70934
3081,East Williamsburg,-73.944024,40.711863
3082,North Side-South Side,-73.95141312,40.71167351
3083,East Williamsburg,-73.94100005,40.71247661
3085,North Side-South Side,-73.95739,40.71469
3086,East Williamsburg,-73.944507,40.715143
3087,East Williamsburg,-73.95234386,40.71413311
3088,North Side-South Side,-73.952029,40.7160751
3092,North Side-South Side,-73.95852515,40.7190095
3093,North Side-South Side,-73.95850939,40.71745169
3094,East Williamsburg,-73.94485918,40.7169811
3095,East Williamsburg,-73.94500379,40.71929301
3096,North Side-South Side,-73.95242,40.71924
3100,Greenpoint,-73.94752621650696,40.724812564400175
3101,North Side-South Side,-73.95484712,40.72079821
3102,North Side-South Side,-73.9504154,40.72179134
3105,Greenpoint,-73.955736,40.724055
3106,Greenpoint,-73.94308,40.72325
3107,North Side-South Side,-73.95212324,40.72311651
3108,Greenpoint,-73.94434,40.72557
3109,Greenpoint,-73.95621,40.72606
3110,Greenpoint,-73.95299117,40.72708584
3112,Greenpoint,-73.95779,40.72906
3113,Greenpoint,-73.95394,40.73026
3115,Greenpoint,-73.9550858,40.73232194
3116,Greenpoint,-73.95826,40.73266
3117,Greenpoint,-73.95866,40.73564
3118,Greenpoint,-73.95284,40.73555
3119,Hunters Point-Sunnyside-West Maspeth,-73.95411749,40.74232744
3121,Hunters Point-Sunnyside-West Maspeth,-73.94733276,40.74524768
3122,Hunters Point-Sunnyside-West Maspeth,-73.9558732509613,40.744363287066875
3123,Hunters Point-Sunnyside-West Maspeth,-73.93540375,40.74469738
3124,Hunters Point-Sunnyside-West Maspeth,-73.95451,40.74731
3125,Hunters Point-Sunnyside-West Maspeth,-73.94977234,40.74708586
3126,Hunters Point-Sunnyside-West Maspeth,-73.9432635,40.74718234
3127,Hunters Point-Sunnyside-West Maspeth,-73.9521,40.74966
3128,Hunters Point-Sunnyside-West Maspeth,-73.94594845,40.75052534
3129,Queensbridge-Ravenswood-Long Island City,-73.94073717,40.75110165
3130,Queensbridge-Ravenswood-Long Island City,-73.94335788,40.75325964
3131,Lenox Hill-Roosevelt Island,-73.96224617958069,40.76712840349542
3132,Upper East Side-Carnegie Hill,-73.97109243,40.76350532
3134,Lenox Hill-Roosevelt Island,-73.96526895,40.76312584
3135,Lenox Hill-Roosevelt Island,-73.95772297,40.77112927
3136,,-73.971518,40.766368
3137,,-73.96685276,40.77282817
3139,Upper East Side-Carnegie Hill,-73.96409422159195,40.77118287540658
3140,Lenox Hill-Roosevelt Island,-73.9535166,40.77140426
3141,Lenox Hill-Roosevelt Island,-73.95818491,40.76500525
3142,Lenox Hill-Roosevelt Island,-73.96094022,40.7612274
3143,,-73.96427392959595,40.77632142182271
3144,Upper East Side-Carnegie Hill,-73.9590097,40.77677702
3145,Upper East Side-Carnegie Hill,-73.95772073,40.77862688
3146,Upper East Side-Carnegie Hill,-73.9567526,40.77573034
3147,Yorkville,-73.95407149,40.77801203
3148,Yorkville,-73.95068615,40.77565541
3150,Yorkville,-73.94803392,40.77536905
3151,Yorkville,-73.94989233,40.7728384
3152,Lenox Hill-Roosevelt Island,-73.96119945,40.76873687
3154,Upper East Side-Carnegie Hill,-73.95856158,40.77314236
3156,Lenox Hill-Roosevelt Island,-73.95348296,40.76663814
3157,Yorkville,-73.94446054,40.77518615
3158,Lincoln Square,-73.98261428,40.77163851
3159,Lincoln Square,-73.98266566,40.77492513
3160,park-cemetery-etc-Manhattan,-73.97374737,40.77896784
3161,Upper West Side,-73.97728532552719,40.7801839724239
3163,park-cemetery-etc-Manhattan,-73.97782542,40.7734066
3164,Lincoln Square,-73.97898475,40.7770575
3165,park-cemetery-etc-Manhattan,-73.9762057363987,40.77579376683666
3166,Upper West Side,-73.98562431335449,40.78057799010334
3167,Lincoln Square,-73.98093044757842,40.77966809007312
3169,Upper West Side,-73.98128127,40.78720869
3170,Upper West Side,-73.97283406,40.78499979
3171,Upper West Side,-73.97667321,40.78524672
3172,Lincoln Square,-73.97754961,40.7785669
3173,Lincoln Square,-73.98888587951659,40.777507027547976
3175,Lincoln Square,-73.98288594,40.77748046
3177,Upper West Side,-73.977112,40.7867947
3178,Upper West Side,-73.98362492,40.78414472
3179,Bushwick South,-73.941342,40.698617
3182,park-cemetery-etc-Manhattan,-74.016966,40.686931
3184,,-74.0335519,40.7141454
3185,,-74.043845,40.7177325
3186,,-74.04311746358871,40.71958611647166
3187,,-74.03805095,40.7211236
3191,,-74.0836394,40.7182113
3192,,-74.0557013,40.7112423
3193,,-74.07840594649315,40.7246050998869
3194,,-74.06762212514877,40.7253399253558
3195,,-74.06391263008118,40.73089709786179
3196,,-74.0439909,40.7443187
3198,,-74.04044330120087,40.748715945380226
3199,,-74.0321082,40.7287448
3201,,-74.066921,40.737711
3202,,-74.0337589,40.7272235
3203,,-74.044247311,40.727595966
3205,,-74.0496379137039,40.71653978099194
3206,,-74.0575736,40.7311689
3207,,-74.0524783,40.7376037
3209,,-74.0506564,40.7241765
3210,,-74.051788633,40.742677141
3211,,-74.046304543,40.72152515
3212,,-74.050443636,40.734785818
3213,,-74.047726625,40.71848892
3214,,-74.0364857,40.7127742
3220,,-74.0595030784607,40.734961020009514
3221,Hunters Point-Sunnyside-West Maspeth,-73.93561,40.743
3225,,-74.0641943,40.7236589
3226,Upper West Side,-73.97137,40.78275
3231,Upper East Side-Carnegie Hill,-73.96592080593109,40.76780080148132
3232,DUMBO-Vinegar Hill-Downtown Brooklyn-Boerum Hill,-73.98304268717766,40.68962188790333
3233,Midtown-Midtown South,-73.97805914282799,40.75724567911726
3235,Murray Hill-Kips Bay,-73.97992193698882,40.752165280621966
3236,Clinton,-73.99379968643188,40.75898481399634
3241,Bedford,-73.944694,40.686203
3242,Brooklyn Heights-Cobble Hill,-73.99183362722397,40.69102925677968
3243,Turtle Bay-East Midtown,-73.96226227283478,40.75892386377695
3244,West Village,-73.99490341544151,40.73143724085228
3246,Brooklyn Heights-Cobble Hill,-73.99230033159256,40.694281141397326
3249,Bedford,-73.9476791024208,40.6803560840434
3254,park-cemetery-etc-Manhattan,-74.01486575603485,40.69231660719192
3255,Hudson Yards-Chelsea-Flatiron-Union Square,-73.9946848154068,40.7505853470215
3256,SoHo-TriBeCa-Civic Center-Little Italy,-74.01129573583603,40.7277140777778
3259,Hudson Yards-Chelsea-Flatiron-Union Square,-73.99923384189606,40.74937024193277
3260,West Village,-73.99662137031554,40.72706363348306
3263,park-cemetery-etc-Manhattan,-73.99075269699097,40.72951496224949
3267,,-74.03852552175522,40.7124188237569
3268,,-74.06285852193832,40.71346382669195
3269,,-74.05038893222809,40.72601172964625
3270,,-74.04557168483734,40.72528910781132
3272,,-74.04595255851744,40.72333158646436
3273,,-74.04288411140442,40.721650724879986
3275,,-74.03891444206238,40.71835519823214
3276,,-74.04281705617905,40.71458403535893
3277,,-74.06661093235016,40.71435836870427
3278,,-74.04879033565521,40.72568548362901
3279,,-74.04996782541275,40.721630142638354
3280,,-74.07126188278198,40.71928220070702
3281,,-74.0572714805603,40.74590996631558
3282,,-73.95939,40.78307
3283,Upper West Side,-73.97041561,40.7882213
3284,Upper East Side-Carnegie Hill,-73.95595908164978,40.781410700190015
3285,Upper West Side,-73.9747,40.78839
3286,Yorkville,-73.9521667,40.7806284
3287,Upper West Side,-73.97757,40.789622
3288,Yorkville,-73.9488134,40.778301
3289,Upper West Side,-73.97288918495178,40.79017948095081
3290,Yorkville,-73.946041,40.7779453
3292,,-73.957481,40.7857851
3293,Upper West Side,-73.9739,40.7921
3294,Upper East Side-Carnegie Hill,-73.955327,40.7835016
3296,Yorkville,-73.9489196240902,40.782454175279874
3297,Park Slope-Gowanus,-73.97988067,40.6686627
3298,DUMBO-Vinegar Hill-Downtown Brooklyn-Boerum Hill,-73.99383324,40.686371
3299,East Harlem South,-73.95206,40.78813
3300,,-73.97637605667114,40.66514681533792
3301,Upper West Side,-73.968087,40.7919557
3302,Upper West Side,-73.9643412291,40.7969347
3303,DUMBO-Vinegar Hill-Downtown Brooklyn-Boerum Hill,-73.99440329,40.6849894
3304,Park Slope-Gowanus,-73.98377641,40.668127
3305,Yorkville,-73.94965589046478,40.78112229934166
3306,Park Slope-Gowanus,-73.98199886,40.6662078
3307,Upper West Side,-73.974124,40.7941654
3308,Carroll Gardens-Columbia Street-Red Hook,-73.99645295,40.6861758
3309,East Harlem South,-73.94860294,40.7859201
3310,Park Slope-Gowanus,-73.98396846,40.663779
3311,Carroll Gardens-Columbia Street-Red Hook,-74.0016256,40.68763155
3312,Yorkville,-73.94594,40.7817212
3313,Park Slope-Gowanus,-73.9854617,40.6663181
3314,Upper West Side,-73.971888,40.7937704
3315,Carroll Gardens-Columbia Street-Red Hook,-73.99917254,40.6847514
3317,Park Slope-Gowanus,-73.98700053,40.6686273
3318,Yorkville,-73.9471673,40.7839636
3319,Park Slope-Gowanus,-73.98895053,40.666287
3321,Carroll Gardens-Columbia Street-Red Hook,-73.99785267,40.6831164
3322,Park Slope-Gowanus,-73.9904394,40.668603
3323,Upper West Side,-73.9605909006,40.7981856
3324,Park Slope-Gowanus,-73.99333264,40.6685455
3325,Upper East Side-Carnegie Hill,-73.950503,40.7849032
3326,Carroll Gardens-Columbia Street-Red Hook,-74.00194698,40.67434
3327,East Harlem South,-73.94728331,40.7877214
3328,Upper West Side,-73.9645,40.795
3329,Carroll Gardens-Columbia Street-Red Hook,-73.99318208,40.6829151
3330,Carroll Gardens-Columbia Street-Red Hook,-74.00494695,40.6725058
3331,Upper West Side,-73.9711457439,40.8013434
3332,Carroll Gardens-Columbia Street-Red Hook,-73.99079024791718,40.681990442707026
3333,Carroll Gardens-Columbia Street-Red Hook,-74.0075572,40.6747055
3335,Park Slope-Gowanus,-73.98282002,40.6772744
3336,East Harlem South,-73.953559,40.787801
3337,Carroll Gardens-Columbia Street-Red Hook,-74.01195555925369,40.67363551341504
3338,East Harlem South,-73.94552579,40.7862586
3339,Park Slope-Gowanus,-73.97846879,40.6765304
3340,Carroll Gardens-Columbia Street-Red Hook,-74.0100698,40.6753274
3342,Carroll Gardens-Columbia Street-Red Hook,-74.0094613,40.6777748
3343,Morningside Heights,-73.9621128676,40.7997568
3344,Carroll Gardens-Columbia Street-Red Hook,-74.011169,40.679043
3345,East Harlem South,-73.95242929458618,40.78948541553215
3346,Park Slope-Gowanus,-73.97523209452629,40.675146838709786
3347,Carroll Gardens-Columbia Street-Red Hook,-74.01275056,40.6773429
3348,Carroll Gardens-Columbia Street-Red Hook,-74.015665,40.677236
3349,Park Slope-Gowanus,-73.97087984,40.6729679
3350,Upper West Side,-73.97041192,40.7973721
3351,East Harlem South,-73.94164802,40.7869946
3352,Carroll Gardens-Columbia Street-Red Hook,-74.0087952464819,40.67267243410948
3354,,-73.97363831,40.668132
3355,Upper East Side-Carnegie Hill,-73.96845281124115,40.76800889305947
3356,Lincoln Square,-73.98470567,40.7746671
3357,Morningside Heights,-73.9664492472,40.8008363
3358,Park Slope-Gowanus,-73.97484126,40.6711978
3359,Upper East Side-Carnegie Hill,-73.96703464,40.7691572
3361,Park Slope-Gowanus,-73.9787282,40.6740886
3362,Upper East Side-Carnegie Hill,-73.96069399,40.7781314
3363,East Harlem South,-73.95033068,40.7904828
3364,Park Slope-Gowanus,-73.9814832,40.6751622
3365,Park Slope-Gowanus,-73.97839676,40.6703837
3366,Morningside Heights,-73.9681805305,40.8021174
3367,East Harlem South,-73.95249933,40.7922553
3368,Park Slope-Gowanus,-73.98352355,40.6728155
3369,Yorkville,-73.9468208,40.7724607
3370,Lenox Hill-Roosevelt Island,-73.95577801,40.7727966
3372,Lenox Hill-Roosevelt Island,-73.95482273,40.7689738
3373,Park Slope-Gowanus,-73.98775226,40.6750705
3374,,-73.955613,40.799484
3375,Upper East Side-Carnegie Hill,-73.96060712,40.7699426
3376,Lenox Hill-Roosevelt Island,-73.96222069859505,40.76471851944339
3377,Carroll Gardens-Columbia Street-Red Hook,-73.99037292,40.6786115
3378,Upper East Side-Carnegie Hill,-73.96222088,40.773763
3379,East Harlem South,-73.94755757,40.7903051
3381,Carroll Gardens-Columbia Street-Red Hook,-73.99364123,40.6777287
3382,Carroll Gardens-Columbia Street-Red Hook,-73.99475825,40.680611
3383,Morningside Heights,-73.96699104,40.804213
3384,Carroll Gardens-Columbia Street-Red Hook,-73.99599099,40.6787242
3386,Carroll Gardens-Columbia Street-Red Hook,-73.99905709,40.6809591
3387,East Harlem South,-73.94945003,40.7934337
3388,Carroll Gardens-Columbia Street-Red Hook,-73.99990419,40.6828003
3389,Carroll Gardens-Columbia Street-Red Hook,-74.00348559,40.6830456
3390,East Harlem South,-73.9432083,40.79329668
3391,East Harlem South,-73.93956237,40.7892529
3392,Carroll Gardens-Columbia Street-Red Hook,-74.00860912,40.6812117
3393,Carroll Gardens-Columbia Street-Red Hook,-74.00785041,40.6794327
3394,Carroll Gardens-Columbia Street-Red Hook,-74.00647134,40.6769993
3395,Carroll Gardens-Columbia Street-Red Hook,-74.00324957,40.6763744
3396,Carroll Gardens-Columbia Street-Red Hook,-74.00014502,40.6783563
3397,Carroll Gardens-Columbia Street-Red Hook,-73.99869893,40.6763947
3398,Carroll Gardens-Columbia Street-Red Hook,-73.99785768,40.6746957
3399,Park Slope-Gowanus,-73.98983001708984,40.67260298150126
3400,East Harlem South,-73.94782145,40.7961535
3402,Brooklyn Heights-Cobble Hill,-73.99203074,40.6902375
3403,Park Slope-Gowanus,-73.98876585,40.6705135
3404,Park Slope-Gowanus,-73.98541675,40.6704922
3405,Park Slope-Gowanus,-73.98208968,40.6704836
3407,Park Slope-Gowanus,-73.98765474557877,40.67909799721684
3408,Carroll Gardens-Columbia Street-Red Hook,-73.99520919,40.6881529
3409,DUMBO-Vinegar Hill-Downtown Brooklyn-Boerum Hill,-73.99063168,40.6867443
3410,DUMBO-Vinegar Hill-Downtown Brooklyn-Boerum Hill,-73.98759104,40.6864442
3411,DUMBO-Vinegar Hill-Downtown Brooklyn-Boerum Hill,-73.98620772,40.6849668
3412,DUMBO-Vinegar Hill-Downtown Brooklyn-Boerum Hill,-73.98302136,40.6853761
3414,Park Slope-Gowanus,-73.97567331790923,40.680944723477296
3415,Prospect Heights,-73.97519523,40.6793307
3416,Prospect Heights,-73.97324283,40.6776147
3417,Park Slope-Gowanus,-73.97854971,40.6795766
3418,Park Slope-Gowanus,-73.97111473,40.6750207
3419,Park Slope-Gowanus,-73.98154004,40.6792788
3420,Park Slope-Gowanus,-73.98432695,40.6802133
3421,DUMBO-Vinegar Hill-Downtown Brooklyn-Boerum Hill,-73.98901629,40.6843549
3422,Carroll Gardens-Columbia Street-Red Hook,-74.00242364,40.6859296
3423,,-73.97945255041122,40.6610633719006
3424,East Harlem South,-73.945993,40.791976
3425,East Harlem South,-73.94370784,40.7892105
3429,Fort Greene,-73.97790759801863,40.68506807308177
3430,East Williamsburg,-73.94223690032959,40.71907891179564
3435,park-cemetery-etc-Manhattan,-73.99596,40.718822
3436,SoHo-TriBeCa-Civic Center-Little Italy,-74.010065,40.721319
3437,Upper West Side,-73.97700369358063,40.79313480986663
3440,DUMBO-Vinegar Hill-Downtown Brooklyn-Boerum Hill,-73.98949474096298,40.692418292578466
3443,Midtown-Midtown South,-73.97982001304626,40.76132983124814
3452,North Side-South Side,-73.94885390996933,40.71915571696044
3453,East Williamsburg,-73.9491033554077,40.71335226222875
3454,East Williamsburg,-73.94705951213837,40.7103685423523
3456,East Williamsburg,-73.94821286201477,40.71638031973561
3457,Midtown-Midtown South,-73.97209525108337,40.76302594280519
3461,SoHo-TriBeCa-Civic Center-Little Italy,-74.01122331619263,40.714851505262516
3462,Turtle Bay-East Midtown,-73.97138714790344,40.75118387463277
3463,Gramercy,-73.98797392845154,40.735367055605394
3467,SoHo-TriBeCa-Civic Center-Little Italy,-74.00165855884552,40.72494672359416
3469,Greenpoint,-73.95995020866394,40.73181401720966
3472,Hudson Yards-Chelsea-Flatiron-Union Square,-74.00747358798981,40.742753828659026
3477,Sunset Park West,-74.01062786579132,40.65539977447831
3478,Sunset Park West,-74.00870203971863,40.65708866668485
3479,park-cemetery-etc-Manhattan,-74.02535319328308,40.68512559515415
3481,,-74.04105,40.71649
3483,,-74.05099,40.71942
3486,DUMBO-Vinegar Hill-Downtown Brooklyn-Boerum Hill,-73.98451656103134,40.688417427540834
3490,park-cemetery-etc-Manhattan,-73.937261,40.796879
3491,park-cemetery-etc-Manhattan,-73.93504,40.79747
3492,park-cemetery-etc-Manhattan,-73.9419949,40.8005385
3493,park-cemetery-etc-Manhattan,-73.9389152,40.799139
3494,park-cemetery-etc-Manhattan,-73.9423,40.797911
3495,park-cemetery-etc-Manhattan,-73.9362541,40.7945663
3496,park-cemetery-etc-Manhattan,-73.9383,40.7923272
3497,park-cemetery-etc-Manhattan,-73.9333349,40.7949879
3498,park-cemetery-etc-Manhattan,-73.9311847,40.7974772
3499,park-cemetery-etc-Manhattan,-73.9349,40.8006721
3500,park-cemetery-etc-Manhattan,-73.944846,40.7989445
3501,park-cemetery-etc-Manhattan,-73.9442507,40.8014866
3502,East Harlem South,-73.9441232,40.7954121
3503,park-cemetery-etc-Manhattan,-73.942954,40.80295
3504,park-cemetery-etc-Manhattan,-73.9379,40.8029263
3505,park-cemetery-etc-Manhattan,-73.936322,40.805726
3506,park-cemetery-etc-Manhattan,-73.9398167,40.8013066
3507,park-cemetery-etc-Manhattan,-73.9396861,40.8045555
3508,park-cemetery-etc-Manhattan,-73.953149,40.809725
3509,park-cemetery-etc-Manhattan,-73.9500739,40.8011939
3510,park-cemetery-etc-Manhattan,-73.949373,40.8078316
3511,park-cemetery-etc-Manhattan,-73.9532423,40.802535
3513,Steinway,-73.923706,40.774645
3514,park-cemetery-etc-Queens,-73.927631,40.7767
3515,Steinway,-73.918544,40.774591
3516,Old Astoria,-73.9184057,40.7699176
3517,Steinway,-73.9170074,40.7711528
3518,park-cemetery-etc-Manhattan,-73.9452087,40.808442
3520,park-cemetery-etc-Manhattan,-73.951475,40.804372
3521,park-cemetery-etc-Manhattan,-73.9523,40.7987859
3522,Steinway,-73.9120938,40.7701477
3523,Steinway,-73.916142,40.7729
3524,Steinway,-73.9225403,40.7774552
3525,Steinway,-73.9153175,40.776165
3526,Steinway,-73.9125551,40.7747878
3527,park-cemetery-etc-Manhattan,-73.941747,40.80698
3528,Steinway,-73.9077436,40.7713937
3529,Central Harlem North-Polo Grounds,-73.9430681,40.8107922
3530,Steinway,-73.9145645,40.7787185
3531,Central Harlem North-Polo Grounds,-73.9492286,40.8125511
3532,park-cemetery-etc-Queens,-73.9183302,40.78145
3533,Central Harlem North-Polo Grounds,-73.9518776,40.8114323
3534,park-cemetery-etc-Manhattan,-73.954692,40.805159
3535,park-cemetery-etc-Manhattan,-73.945925,40.804038
3536,Morningside Heights,-73.9641,40.8082
3537,Prospect Heights,-73.9710097,40.6809741
3538,Morningside Heights,-73.96295,40.802692
3539,Morningside Heights,-73.9607082,40.8067581
3540,Morningside Heights,-73.9551508,40.81
3541,Morningside Heights,-73.956461,40.813358
3542,Morningside Heights,-73.9596214,40.8086249
3543,Morningside Heights,-73.95736455917358,40.81028506306003
3544,Prospect Heights,-73.9646795,40.6804836
3545,Morningside Heights,-73.9612547,40.8120562
3546,Crown Heights North,-73.9587903,40.6791944
3547,Morningside Heights,-73.9590255,40.8143256
3549,Prospect Heights,-73.962408,40.678045
3551,park-cemetery-etc-Manhattan,-73.941606,40.795508
3552,Morningside Heights,-73.964928,40.805973
3553,park-cemetery-etc-Manhattan,-73.957145,40.801694
3554,Queensbridge-Ravenswood-Long Island City,-73.9485678,40.7552433
3555,Queensbridge-Ravenswood-Long Island City,-73.93797,40.751047
3557,Queensbridge-Ravenswood-Long Island City,-73.945133,40.75742
3558,Prospect Heights,-73.9680438,40.6794388
3559,Queensbridge-Ravenswood-Long Island City,-73.9391224,40.7576314
3561,Queensbridge-Ravenswood-Long Island City,-73.9279917,40.7531106
3562,Crown Heights North,-73.9596082,40.6765198
3563,Queensbridge-Ravenswood-Long Island City,-73.932719,40.757186
3564,Astoria,-73.9362726,40.7601853
3565,Queensbridge-Ravenswood-Long Island City,-73.9411265,40.7614376
3566,Astoria,-73.9321455,40.7596276
3567,Queensbridge-Ravenswood-Long Island City,-73.9391141,40.7627442
3568,Astoria,-73.9262231,40.7569332
3569,Crown Heights North,-73.9561677,40.6758324
3570,Astoria,-73.9236611,40.7557327
3571,Crown Heights North,-73.952918,40.676368
3572,Astoria,-73.921631,40.756913
3573,Astoria,-73.9242751,40.7580583
3574,Prospect Heights,-73.96579,40.6769694
3575,Astoria,-73.930562,40.76108
3576,Prospect Heights,-73.969024,40.6767
3577,Queensbridge-Ravenswood-Long Island City,-73.9342862,40.7628138
3578,Crown Heights North,-73.9564947,40.6741806
3579,Crown Heights North,-73.954131,40.672695
3580,Prospect Heights,-73.9631611,40.6737236
3581,Prospect Heights,-73.9671457,40.6740123
3582,Crown Heights North,-73.9609,40.6721683
3583,,-73.9631145,40.6716493
3584,Crown Heights North,-73.9576801,40.6707767
3585,Crown Heights South,-73.9554162,40.6691783
3586,Queensbridge-Ravenswood-Long Island City,-73.9364848,40.7638753
3587,Crown Heights South,-73.9618148,40.6686744
3588,Astoria,-73.9373554,40.7671863
3589,Astoria,-73.9347774,40.7668
3590,Crown Heights South,-73.9588,40.6679411
3591,Astoria,-73.930819,40.7659
3592,Astoria,-73.9286471,40.7633589
3593,Astoria,-73.925921,40.761584
3595,Astoria,-73.9222427,40.760339
3596,Prospect Lefferts Gardens-Wingate,-73.9574686,40.6642406
3597,Astoria,-73.9166368,40.7577284
3598,Astoria,-73.9142678,40.7595701
3599,Prospect Lefferts Gardens-Wingate,-73.9605695,40.66314
3600,Astoria,-73.9170071,40.7611488
3601,Prospect Lefferts Gardens-Wingate,-73.9569115,40.6627059
3602,Astoria,-73.920827,40.763154
3603,Astoria,-73.9240312,40.7647
3604,Prospect Lefferts Gardens-Wingate,-73.9538746,40.6630619
3605,Old Astoria,-73.9265474,40.7658346
3606,Hunters Point-Sunnyside-West Maspeth,-73.948852,40.74252
3607,Astoria,-73.9322662,40.7682
3608,Hunters Point-Sunnyside-West Maspeth,-73.9566,40.7423737
3609,Old Astoria,-73.9354504,40.7692475
3610,Old Astoria,-73.934171,40.770845
3611,Hunters Point-Sunnyside-West Maspeth,-73.9534573,40.7449067
3612,Old Astoria,-73.9286078,40.7703743
3613,Hunters Point-Sunnyside-West Maspeth,-73.957539,40.745038
3614,Old Astoria,-73.9249574,40.768692
3615,Hunters Point-Sunnyside-West Maspeth,-73.9460927,40.748
3616,Astoria,-73.9136695,40.7656251
3617,Astoria,-73.9169858,40.7671
3618,Hunters Point-Sunnyside-West Maspeth,-73.941275,40.7485
3619,Old Astoria,-73.9246145,40.7713615
3620,Hunters Point-Sunnyside-West Maspeth,-73.9479119,40.7519071
3621,Old Astoria,-73.9309134,40.7739825
3622,Central Harlem North-Polo Grounds,-73.939182,40.80756
3623,Morningside Heights,-73.9634,40.8109494
3628,park-cemetery-etc-Manhattan,-73.9490782,40.8025566
3629,park-cemetery-etc-Manhattan,-73.94776493310928,40.809495347779475
3630,park-cemetery-etc-Manhattan,-73.9559308,40.8038654
3637,Clinton Hill,-73.96599590778351,40.683238654603414
3638,,-74.0354826,40.7242941
3639,,-74.034234,40.7192517
3640,,-74.0625,40.73367
3641,Hudson Yards-Chelsea-Flatiron-Union Square,-73.98918628692627,40.74286877312112
3646,Queensbridge-Ravenswood-Long Island City,-73.93985509872437,40.76315481910373
3647,Hunters Point-Sunnyside-West Maspeth,-73.93725872039794,40.74128309355993
3648,park-cemetery-etc-Brooklyn,-73.97077560424805,40.697950315695444
3649,Manhattanville,-73.95324736833572,40.814394437915816
3654,Queensbridge-Ravenswood-Long Island City,-73.93349289894103,40.75186951421875
3656,East Village,-73.98583620786667,40.72307749068673
3658,Hudson Yards-Chelsea-Flatiron-Union Square,-74.00367558002472,40.7435337324616
3661,Crown Heights South,-73.9605563879013,40.666439306870814
3664,SoHo-TriBeCa-Civic Center-Little Italy,-74.0103006362915,40.72019521437465
3668,Greenpoint,-73.94984364509583,40.7239567849954
3671,Yorkville,-73.95427465438843,40.774779448957275
3673,Crown Heights North,-73.955637216568,40.67759206937376
3674,DUMBO-Vinegar Hill-Downtown Brooklyn-Boerum Hill,-73.98672670125961,40.701403172577244
3676,Carroll Gardens-Columbia Street-Red Hook,-74.01472628116608,40.6758329439129
3677,,-74.07106071710587,40.72755146730012
3678,,-74.07195925712585,40.72572613742557
3679,,-74.07145500183105,40.722103786686034
3680,Midtown-Midtown South,-73.98025184869766,40.754120810779256
3681,,-74.03768330812454,40.71517767732029
3686,West Village,-74.00507032871246,40.739448201304036
3687,Murray Hill-Kips Bay,-73.97449783980846,40.74322681432173
3689,Upper West Side,-73.96649479866028,40.799041392882984
3690,Battery Park City-Lower Manhattan,-74.00935515761375,40.71334184275907
3691,Astoria,-73.91065120697021,40.76408932350688
3693,North Side-South Side,-73.95921930670738,40.72248188638219
3694,,-74.0789,40.71113
3697,Lincoln Square,-73.98918695747852,40.77515953434235
3699,Clinton,-73.98917958140373,40.763604677958625
3704,Hunters Point-Sunnyside-West Maspeth,-73.94176483154297,40.7437524099784
3707,Gramercy,-73.983293,40.741459
3708,West Village,-73.99431,40.735445
3709,Hudson Yards-Chelsea-Flatiron-Union Square,-73.99642959237099,40.738046142482766
3711,East Village,-73.98067966103554,40.72966729392978
3712,Hudson Yards-Chelsea-Flatiron-Union Square,-73.99740189313889,40.754691750226016
3714,Williamsburg,-73.9544353965357,40.70684203101325
3715,North Side-South Side,-73.95520135760307,40.71816969454208
3716,Queensbridge-Ravenswood-Long Island City,-73.93795609474182,40.753599202005596
3718,East Village,-73.97950418293476,40.72746420692392
3721,Old Astoria,-73.9209334552288,40.7675487799971
3723,DUMBO-Vinegar Hill-Downtown Brooklyn-Boerum Hill,-73.99015724658966,40.695317277669034
3724,Midtown-Midtown South,-73.9790689945221,40.7667405590595
3725,Lenox Hill-Roosevelt Island,-73.95840793848038,40.7687620293096
3726,Hunters Point-Sunnyside-West Maspeth,-73.95960688591003,40.743366080270214
3727,North Side-South Side,-73.94880026578903,40.71766197083994
3728,Brooklyn Heights-Cobble Hill,-73.99344027042389,40.69535693320225
3731,Midtown-Midtown South,-73.98255,40.758397
3733,Stuyvesant Town-Cooper Village,-73.973984,40.730563
3734,Turtle Bay-East Midtown,-73.962658,40.759125
3735,Hudson Yards-Chelsea-Flatiron-Union Square,-74.002353,40.752694
3736,Lower East Side,-73.976831,40.727243
3737,Chinatown,-73.986274,40.720747
3738,Chinatown,-73.991479,40.719383
3739,West Village,-74.000939,40.735918
3740,SoHo-TriBeCa-Civic Center-Little Italy,-74.000472,40.726378
3744,East Village,-73.986389,40.725864
3745,Astoria,-73.92957486212252,40.75651272984955
3746,SoHo-TriBeCa-Civic Center-Little Italy,-74.00473035871983,40.724308321602166
3749,Murray Hill-Kips Bay,-73.9788007736206,40.747573958954796
3755,Bedford,-73.95746178925037,40.69064807082943
3756,Bushwick South,-73.9351,40.704508
3757,Bushwick South,-73.93372,40.710681
3758,Bushwick South,-73.92997,40.702997
3759,Bushwick North,-73.92535,40.70538
3760,Bushwick North,-73.92153,40.705614
3761,Bushwick South,-73.926241,40.697842
3762,Park Slope-Gowanus,-73.9865,40.677027
3763,Bushwick North,-73.923711,40.707165
3764,Bushwick South,-73.93936,40.705517
3765,Bushwick South,-73.94008,40.709897
3766,East Williamsburg,-73.93856,40.715353
3767,East Williamsburg,-73.93894,40.71323
3768,Bushwick South,-73.93734,40.71019
3769,Bushwick South,-73.93581,40.707174
3770,Bushwick South,-73.9333,40.702831
3771,Bushwick South,-73.933871,40.706237
3772,East Williamsburg,-73.93515,40.713811
3773,Bushwick North,-73.92976,40.70539
3774,Bushwick North,-73.92836,40.704425
3775,Bushwick North,-73.923769,40.702013
3776,Bushwick South,-73.92834,40.700003
3777,Bushwick North,-73.923044,40.699304
3778,Bushwick North,-73.92095,40.7027
3779,Bushwick North,-73.919911,40.704876
3780,Bushwick North,-73.917775,40.703545
3781,Bushwick North,-73.918877,40.698568
3782,Brooklyn Heights-Cobble Hill,-73.997178,40.698458
3783,park-cemetery-etc-Manhattan,-74.00495,40.70838
3785,Midtown-Midtown South,-73.98455,40.75492
3786,Chinatown,-73.996732,40.714193
3787,park-cemetery-etc-Brooklyn,-73.97141,40.69985
3789,Clinton Hill,-73.959432,40.68186
3790,Brooklyn Heights-Cobble Hill,-73.991581,40.7003
3791,,-74.04696375131607,40.73520838045357
3792,,-74.03281,40.71687
3795,Park Slope-Gowanus,-73.993612,40.671907
3798,Midtown-Midtown South,-73.982079,40.752269
3799,Midtown-Midtown South,-73.98805,40.74964
3803,Crown Heights South,-73.956934,40.665816
3804,DUMBO-Vinegar Hill-Downtown Brooklyn-Boerum Hill,-73.986842,40.702461
3808,Queensbridge-Ravenswood-Long Island City,-73.939991,40.752474
3809,Midtown-Midtown South,-73.978434,40.763189
3811,Old Astoria,-73.9342,40.77485
3812,West Village,-73.992085,40.734814
3813,Hudson Yards-Chelsea-Flatiron-Union Square,-74.005141,40.745686
3814,Midtown-Midtown South,-73.972628,40.761573
3815,Turtle Bay-East Midtown,-73.967641,40.755293
3816,East Williamsburg,-73.93323,40.71429
3817,East Williamsburg,-73.94051,40.71773
3818,Greenpoint,-73.94839,40.72984
3819,Greenpoint,-73.95204,40.73396
3820,Bushwick South,-73.93098,40.69757
3821,Bushwick South,-73.93318,40.70106
3822,Bushwick South,-73.93641,40.70076
3823,Bushwick South,-73.93921,40.70099
3824,Ocean Hill,-73.90369,40.6786
3825,Bushwick South,-73.90756,40.68139
3826,Bushwick South,-73.90925,40.68458
3827,Ocean Hill,-73.91564,40.68565
3828,Bushwick South,-73.91321,40.68652
3829,Bushwick South,-73.90798,40.6882
3830,Bushwick South,-73.91227,40.68858
3831,Bushwick South,-73.9168,40.68663
3832,Bushwick South,-73.91181,40.69055
3833,Bushwick South,-73.91693,40.69122
3834,Bushwick North,-73.90663,40.69467
3835,Bushwick North,-73.90974,40.69385
3836,Bushwick South,-73.92146,40.69146
3837,Bushwick South,-73.92852,40.69329
3838,Bushwick South,-73.92524,40.69356
3839,Bushwick North,-73.91164,40.69545
3840,Bushwick North,-73.90904,40.69811
3841,Bushwick South,-73.9196,40.69543
3842,Bushwick South,-73.92825,40.69502
3843,Bushwick North,-73.91516,40.69905
3844,Bushwick North,-73.91337,40.69943
3845,Bushwick North,-73.9179,40.70108
3846,Bushwick South,-73.92302,40.69676
3847,Bushwick South,-73.92807,40.69671
3848,Bushwick South,-73.93223,40.69544
3849,Bushwick North,-73.91945,40.70636
3850,Bushwick North,-73.92157,40.70907
3851,East Williamsburg,-73.92793,40.71401
3852,Bushwick North,-73.92587,40.70869
3853,Bushwick North,-73.92851,40.70686
3854,East Williamsburg,-73.93637,40.716657
3855,East Williamsburg,-73.93948,40.71882
3856,Greenpoint,-73.94173,40.72577
3857,Greenpoint,-73.94546,40.72158
3858,Greenpoint,-73.95161,40.73124
3859,Greenpoint,-73.95414,40.72795
3860,Bushwick South,-73.92754,40.70166
3861,Bushwick North,-73.91422,40.70113
3862,Bushwick North,-73.91566,40.69714
3863,Bushwick South,-73.91605,40.69296
3864,Bushwick South,-73.90951,40.68929
3865,Bushwick North,-73.90448,40.69081
3866,Bushwick North,-73.90506,40.68906
3867,Ocean Hill,-73.90474,40.67945
3868,Bushwick North,-73.90824,40.693
3869,Bushwick South,-73.92617,40.692
3870,Bushwick South,-73.935877,40.697481
3871,Bushwick South,-73.90623,40.68281
3872,Ridgewood,-73.90674,40.6972
3873,Ridgewood,-73.90742,40.70068
3874,Ridgewood,-73.91054,40.70461
3875,Ridgewood,-73.9007,40.6988
3876,Ridgewood,-73.89795,40.69922
3877,Ridgewood,-73.90245,40.70555
3878,Ridgewood,-73.90271,40.69812
3879,Bushwick South,-73.91966,40.68822
3880,Ridgewood,-73.91727,40.7098
3881,Manhattanville,-73.960405,40.818299
3882,Ridgewood,-73.90311,40.69517
3883,Ridgewood,-73.91292,40.70577
3884,Ridgewood,-73.9022,40.69969
3885,Ridgewood,-73.90737,40.70413
3886,Ridgewood,-73.9096,40.70553
3887,Ridgewood,-73.91873,40.71246
3888,Ridgewood,-73.91092,40.70793
3890,Bushwick South,-73.923511,40.69047
3891,Bushwick North,-73.9127,40.698
3892,Queensbridge-Ravenswood-Long Island City,-73.93367,40.75473
3893,Ocean Hill,-73.91166642308235,40.68319988172761
3895,Ridgewood,-73.90876293182373,40.701573408737914
3896,Ridgewood,-73.90625,40.70183
3897,Ridgewood,-73.91497,40.70863
3898,Lenox Hill-Roosevelt Island,-73.9646,40.763954
3899,Greenpoint,-73.94844,40.72084
3900,East Williamsburg,-73.93889,40.72226
3901,Ridgewood,-73.91116,40.70998
3902,Ridgewood,-73.90632,40.70694
3903,Bushwick South,-73.91458,40.68989
3905,West Village,-73.99011,40.732647
3906,Battery Park City-Lower Manhattan,-74.014847,40.711444
3907,Bushwick South,-73.93039,40.70112
3909,Ridgewood,-73.90408,40.70408
3910,Ridgewood,-73.907856,40.709697
3911,DUMBO-Vinegar Hill-Downtown Brooklyn-Boerum Hill,-73.984275,40.683426
3913,park-cemetery-etc-Brooklyn,-73.979827,40.699569
3914,Upper West Side,-73.981687,40.783786
3916,park-cemetery-etc-Manhattan,-74.002751,40.708485
3917,Fort Greene,-73.97877,40.69178
3918,Lower East Side,-73.975767,40.72387
3919,Battery Park City-Lower Manhattan,-74.00637,40.70437
3920,park-cemetery-etc-Manhattan,-73.937195,40.810224
3921,park-cemetery-etc-Manhattan,-73.925177,40.805701
3922,park-cemetery-etc-Manhattan,-73.927107,40.807466
3923,park-cemetery-etc-Manhattan,-73.928803,40.808484
3924,park-cemetery-etc-Manhattan,-73.927311,40.810893
3925,park-cemetery-etc-Manhattan,-73.929153,40.812304
3926,Central Harlem North-Polo Grounds,-73.93973,40.81014
3927,Central Harlem North-Polo Grounds,-73.941878,40.81296
3928,Central Harlem North-Polo Grounds,-73.94521,40.813539
3929,park-cemetery-etc-Manhattan,-73.921606,40.81093
3930,park-cemetery-etc-Manhattan,-73.923697,40.812735
3931,park-cemetery-etc-Manhattan,-73.924963,40.814469
3932,park-cemetery-etc-Manhattan,-73.927987,40.816576
3933,West Concourse,-73.92965,40.817755
3934,Central Harlem North-Polo Grounds,-73.948222,40.816234
3935,Manhattanville,-73.954295,40.816355
3936,Manhattanville,-73.959089,40.820003
3937,park-cemetery-etc-Manhattan,-73.918889,40.805089
3938,park-cemetery-etc-Manhattan,-73.9174,40.80262
3939,Mott Haven-Port Morris,-73.913863,40.800933
3940,Mott Haven-Port Morris,-73.911034,40.800425
3941,Mott Haven-Port Morris,-73.909513,40.801657
3942,Manhattanville,-73.956156,40.8190344
3944,Manhattanville,-73.950988,40.818215
3945,Manhattanville,-73.951819,40.819746
3946,park-cemetery-etc-Manhattan,-73.947568,40.818477
3947,Mott Haven-Port Morris,-73.911545,40.804168
3948,Mott Haven-Port Morris,-73.914718,40.805559
3949,park-cemetery-etc-Manhattan,-73.91924,40.807408
3950,park-cemetery-etc-Manhattan,-73.917875,40.809619
3951,Mott Haven-Port Morris,-73.916124,40.808633
3952,,-73.911837,40.806896
3953,Central Harlem North-Polo Grounds,-73.937413,40.82281
3955,Mott Haven-Port Morris,-73.91081,40.808891
3956,Mott Haven-Port Morris,-73.914932,40.811112
3957,,-73.917037,40.811675
3958,park-cemetery-etc-Manhattan,-73.92037,40.812299
3959,Hamilton Heights,-73.94386,40.823498
3960,Hamilton Heights,-73.951346,40.822756
3961,park-cemetery-etc-Manhattan,-73.921411,40.820036
3963,Melrose South-Mott Haven North,-73.917338,40.816827
3964,Mott Haven-Port Morris,-73.915368,40.814383
3965,Melrose South-Mott Haven North,-73.91186,40.814046
3966,Mott Haven-Port Morris,-73.907729,40.811314
3967,Hamilton Heights,-73.949738,40.826969
3968,Melrose South-Mott Haven North,-73.903927,40.814232
3969,Melrose South-Mott Haven North,-73.911918,40.815887
3970,Melrose South-Mott Haven North,-73.916071,40.819609
3972,Melrose South-Mott Haven North,-73.914688,40.822215
3973,Hamilton Heights,-73.942722,40.827212
3975,Melrose South-Mott Haven North,-73.911759,40.820713
3976,Melrose South-Mott Haven North,-73.912411,40.819823
3977,Melrose South-Mott Haven North,-73.90202,40.81899
3978,Melrose South-Mott Haven North,-73.907521,40.82188
3980,Hamilton Heights,-73.944279,40.829523
3981,Central Harlem North-Polo Grounds,-73.939929,40.830476
3982,Melrose South-Mott Haven North,-73.914737,40.817166
3983,Melrose South-Mott Haven North,-73.905203,40.817802
3984,Hamilton Heights,-73.954743,40.824013
3985,Melrose South-Mott Haven North,-73.903944,40.820302
3986,park-cemetery-etc-Manhattan,-73.922962,40.81734
3987,Mott Haven-Port Morris,-73.909235,40.813135
3988,park-cemetery-etc-Manhattan,-73.934077,40.805631
3989,park-cemetery-etc-Manhattan,-73.923604,40.808384
3992,Washington Heights South,-73.9421253,40.8428422
3994,park-cemetery-etc-Manhattan,-73.933509,40.802554
3995,park-cemetery-etc-Manhattan,-73.937838,40.812191
3996,park-cemetery-etc-Manhattan,-73.936085,40.806414
3997,Central Harlem North-Polo Grounds,-73.935856,40.815484
3998,Central Harlem North-Polo Grounds,-73.939336,40.813619
3999,Central Harlem North-Polo Grounds,-73.9422959089279,40.81695971032464
4000,Central Harlem North-Polo Grounds,-73.936521,40.819783
4001,Central Harlem North-Polo Grounds,-73.935971,40.821111
4002,Central Harlem North-Polo Grounds,-73.939249,40.820877
4004,Central Harlem North-Polo Grounds,-73.945144,40.820681
4005,park-cemetery-etc-Manhattan,-73.947868,40.821294
4006,park-cemetery-etc-Manhattan,-73.91839,40.814673
4007,Hamilton Heights,-73.955857,40.823168
4008,Hamilton Heights,-73.951947,40.824686
4009,Hamilton Heights,-73.951989,40.827305
4010,Hamilton Heights,-73.947257,40.825244
4011,Melrose South-Mott Haven North,-73.908116,40.816124
4012,Hamilton Heights,-73.945909,40.827075
4013,Hamilton Heights,-73.942924,40.82831
4014,Hamilton Heights,-73.950426,40.829114
4015,Central Harlem North-Polo Grounds,-73.936996,40.82923
4016,Central Harlem North-Polo Grounds,-73.946168,40.812346
4017,park-cemetery-etc-Manhattan,-73.936153,40.81449
4018,Manhattanville,-73.957163,40.817555
4019,park-cemetery-etc-Manhattan,-73.919763,40.803399
4020,Hamilton Heights,-73.941616,40.825125
4021,park-cemetery-etc-Manhattan,-73.930605,40.813224
4022,Central Harlem North-Polo Grounds,-73.937743,40.818067
4023,Central Harlem North-Polo Grounds,-73.941057,40.819241
4024,Central Harlem North-Polo Grounds,-73.937948,40.826406
4025,Hamilton Heights,-73.941427,40.826881
4027,Hamilton Heights,-73.941323,40.830663
4028,Central Harlem North-Polo Grounds,-73.936371,40.830702
4029,park-cemetery-etc-Manhattan,-73.919549,40.816402
4030,Melrose South-Mott Haven North,-73.916792,40.822267
4031,Melrose South-Mott Haven North,-73.908351,40.81989
4032,Melrose South-Mott Haven North,-73.917579,40.82057
4034,Hamilton Heights,-73.952761,40.821728
4035,Hamilton Heights,-73.946665,40.831327
4036,,-73.9477213,40.7639089
4037,,-73.9536,40.757284
4038,Lenox Hill-Roosevelt Island,-73.95865201950072,40.75370225419114
4040,Hudson Yards-Chelsea-Flatiron-Union Square,-73.98671329021454,40.742684734875695
4041,Central Harlem North-Polo Grounds,-73.936232,40.825289
4043,Upper West Side,-73.97908508777618,40.782535857724106
4044,Hudson Yards-Chelsea-Flatiron-Union Square,-73.99177,40.75461
4045,Lincoln Square,-73.99005,40.77237
4047,park-cemetery-etc-Manhattan,-73.942386,40.832081
4048,park-cemetery-etc-Manhattan,-73.94102,40.832314
4050,park-cemetery-etc-Manhattan,-73.939326,40.833303
4051,park-cemetery-etc-Manhattan,-73.939865,40.834468
4052,park-cemetery-etc-Manhattan,-73.939789,40.83618
4053,park-cemetery-etc-Manhattan,-73.937496,40.835798
4054,Washington Heights South,-73.945446,40.839278
4055,Washington Heights South,-73.942939,40.84004
4056,park-cemetery-etc-Manhattan,-73.941409,40.839137
4057,park-cemetery-etc-Manhattan,-73.937044,40.839443
4058,Midtown-Midtown South,-73.97513,40.75863
4059,park-cemetery-etc-Manhattan,-73.938631,40.842941
4060,,-73.935111,40.842173
4061,Washington Heights South,-73.940493,40.84522
4062,,-73.933651,40.844044
4063,park-cemetery-etc-Manhattan,-73.937648,40.846052
4064,Mott Haven-Port Morris,-73.90809774398804,40.807347437082
4065,park-cemetery-etc-Manhattan,-73.936064,40.848467
4066,park-cemetery-etc-Manhattan,-73.933291,40.847305
4067,,-73.931205,40.847396
4068,Washington Heights North,-73.937854,40.852252
4069,Washington Heights South,-73.941343,40.848282
4070,Washington Heights South,-73.938423,40.849972
4071,Washington Heights South,-73.9434,40.835775
4072,Midtown-Midtown South,-73.97960275411606,40.75793646243674
4073,Midtown-Midtown South,-73.97808194160461,40.75969995906254
4074,,-73.936085,40.838191
4075,Upper West Side,-73.969862,40.78476
4076,West Concourse,-73.928947,40.820089
4078,park-cemetery-etc-Manhattan,-73.919379,40.823732
4079,East Concourse-Concourse Village,-73.91769,40.828847
4080,West Concourse,-73.926226,40.831444
4081,West Concourse,-73.922394,40.83173
4082,West Concourse,-73.92112,40.833909
4083,West Concourse,-73.918316,40.83649
4084,East Concourse-Concourse Village,-73.9154,40.835334
4085,East Concourse-Concourse Village,-73.913004,40.839549
4086,Highbridge,-73.919228,40.840536
4087,Highbridge,-73.926075,40.84207
4088,Highbridge,-73.920999,40.843965
4090,West Concourse,-73.924689,40.823429
4091,Highbridge,-73.931015,40.829797
4092,Highbridge,-73.928747,40.830179
4093,West Concourse,-73.92272,40.827115
4094,East Concourse-Concourse Village,-73.915585,40.825716
4095,West Concourse,-73.925101,40.83263
4096,East Concourse-Concourse Village,-73.917641,40.834263
4098,Highbridge,-73.922423,40.839312
4099,East Concourse-Concourse Village,-73.908863,40.834015
4101,West Concourse,-73.929327,40.826677
4102,West Concourse,-73.921461,40.829608
4103,Highbridge,-73.928381,40.834457
4104,Manhattanville,-73.955277,40.818212
4105,park-cemetery-etc-Manhattan,-73.923267,40.823162
4106,Highbridge,-73.929372,40.832812
4107,park-cemetery-etc-Bronx,-73.908345,40.837213
4108,Claremont-Bathgate,-73.904867,40.843264
4109,park-cemetery-etc-Manhattan,-73.93022,40.84925
4110,Lower East Side,-73.97515833377838,40.72506551015475
4112,park-cemetery-etc-Manhattan,-73.93077,40.78294
4113,,-73.92389,40.79346
4114,park-cemetery-etc-Manhattan,-73.91906,40.79558
4115,,-73.92404,40.80046
4116,West Concourse,-73.923391,40.830262
4118,Battery Park City-Lower Manhattan,-74.00935482235809,40.70858894240581
4120,Murray Hill-Kips Bay,-73.97729203113158,40.749498546025194
4121,Turtle Bay-East Midtown,-73.97113,40.74714
4122,Upper West Side,-73.96417066463071,40.79249519495111
4123,Upper West Side,-73.96158903853575,40.796036841599836
4124,park-cemetery-etc-Manhattan,-73.96680057048798,40.788664991278836
4125,West Concourse,-73.927111,40.827883
4126,West Concourse,-73.927311,40.825737
4127,Highbridge,-73.925961,40.839142
4128,East Concourse-Concourse Village,-73.910489,40.837576
4129,Highbridge,-73.927421,40.832057
4130,East Concourse-Concourse Village,-73.9149,40.831584
4131,West Concourse,-73.917256,40.844075
4132,Longwood,-73.901583,40.812769
4133,Longwood,-73.899939,40.815077
4134,Longwood,-73.896447,40.816343
4135,Longwood,-73.901311,40.819701
4137,Morrisania-Melrose,-73.908699,40.823872
4138,Morrisania-Melrose,-73.907451,40.82696
4139,Morrisania-Melrose,-73.90242,40.824796
4140,Longwood,-73.901824,40.822545
4141,Hunts Point,-73.894143,40.818185
4144,Hunts Point,-73.888161,40.816567
4146,Hunts Point,-73.890247,40.818743
4147,Hunts Point,-73.895069,40.821075
4148,Longwood,-73.896752,40.821967
4149,Morrisania-Melrose,-73.90521,40.82895
4150,Claremont-Bathgate,-73.907199,40.836103
4151,Claremont-Bathgate,-73.905158,40.832678
4152,Morrisania-Melrose,-73.904556,40.830471
4153,Longwood,-73.894025,40.82394
4154,Hunts Point,-73.888271,40.820578
4155,Morrisania-Melrose,-73.893721,40.827184
4156,Claremont-Bathgate,-73.90153,40.83545
4158,Morrisania-Melrose,-73.894717,40.830529
4159,Claremont-Bathgate,-73.900277,40.839586
4161,Claremont-Bathgate,-73.8985,40.84224
4162,Crotona Park East,-73.88955,40.834124
4165,East Concourse-Concourse Village,-73.91288,40.82809
4166,West Concourse,-73.92818,40.82441
4167,East Concourse-Concourse Village,-73.91172,40.84301
4168,park-cemetery-etc-Bronx,-73.908544,40.842675
4169,East Concourse-Concourse Village,-73.9109,40.83899
4174,Claremont-Bathgate,-73.903743,40.834857
4175,Claremont-Bathgate,-73.905838,40.838379
4186,park-cemetery-etc-Manhattan,-73.925294,40.818154
4188,Washington Heights South,-73.94592,40.83299
4189,East Concourse-Concourse Village,-73.913741,40.83579
4190,West Concourse,-73.915073,40.840683
4191,Longwood,-73.896372,40.827301
4192,Longwood,-73.898751,40.826303
4193,Washington Heights South,-73.94186,40.85168
4194,Highbridge,-73.917946,40.840484
4195,East Concourse-Concourse Village,-73.91125,40.83094
4197,Battery Park City-Lower Manhattan,-74.01001632213591,40.70336845553049
4198,East Concourse-Concourse Village,-73.916407,40.824811
4199,West Concourse,-73.92243,40.83406
4201,Claremont-Bathgate,-73.90549,40.83999
4202,Longwood,-73.897263,40.819999
4207,East Concourse-Concourse Village,-73.91744792461395,40.83130549267296
4209,Highbridge,-73.927034,40.838706
4210,East Concourse-Concourse Village,-73.91956,40.83196
