time,station_id,station_status,bikes_available,ebikes_available,bikes_disabled,docks_available,docks_disabled
2020-09-23 16:44:25,79,active,32,0,0,1,0
2020-09-23 16:44:25,82,active,24,0,1,2,0
2020-09-23 16:44:25,83,active,45,0,2,15,0
2020-09-23 16:44:25,116,active,24,0,3,23,0
2020-09-23 16:44:25,119,active,12,2,2,39,0
2020-09-23 16:44:25,120,active,2,0,0,17,0
2020-09-23 16:44:25,127,active,7,0,1,23,0
2020-09-23 16:44:25,128,active,26,1,0,4,0
2020-09-23 16:44:25,143,active,22,1,0,2,0
2020-09-23 16:44:25,144,active,36,0,0,22,0
2020-09-23 16:44:25,146,active,0,0,0,0,0
2020-09-23 16:44:25,150,active,32,0,2,21,0
2020-09-23 16:44:25,151,active,30,0,1,2,0
2020-09-23 16:44:25,157,active,14,0,2,7,0
2020-09-23 16:44:25,161,active,32,1,3,0,0
2020-09-23 16:44:25,164,active,43,3,4,0,0
2020-09-23 16:44:25,173,active,67,5,2,1,0
2020-09-23 16:44:25,174,active,27,0,1,7,0
2020-09-23 16:44:25,212,active,50,2,0,10,0
2020-09-23 16:44:25,216,active,2,1,3,18,0
2020-09-23 16:44:25,217,active,37,3,0,2,0
2020-09-23 16:44:25,223,active,25,2,0,7,1
2020-09-23 16:44:25,224,active,29,4,1,0,0
2020-09-23 16:44:25,228,active,53,2,0,2,0
2020-09-23 16:44:25,229,active,22,5,1,0,0
2020-09-23 16:44:25,236,active,21,0,2,24,0
2020-09-23 16:44:25,237,active,8,0,0,31,0
2020-09-23 16:44:25,238,active,3,0,0,28,0
2020-09-23 16:44:25,239,active,9,0,1,21,0
2020-09-23 16:44:25,241,active,1,0,1,21,0
2020-09-23 16:44:25,242,active,42,0,0,4,0
2020-09-23 16:44:25,244,active,1,0,0,30,0
2020-09-23 16:44:25,245,active,0,0,1,22,0
2020-09-23 16:44:25,247,active,20,0,2,33,0
2020-09-23 16:44:25,248,active,86,0,2,11,0
2020-09-23 16:44:25,249,active,19,1,1,7,0
2020-09-23 16:44:25,250,active,33,0,2,5,0
2020-09-23 16:44:25,251,active,20,0,0,7,0
2020-09-23 16:44:25,252,active,12,2,0,21,0
2020-09-23 16:44:25,254,active,26,2,0,21,0
2020-09-23 16:44:25,257,active,35,0,1,3,0
2020-09-23 16:44:25,258,active,0,0,0,23,0
2020-09-23 16:44:25,259,active,36,2,0,3,0
2020-09-23 16:44:25,260,active,32,0,1,0,0
2020-09-23 16:44:25,261,active,12,0,0,15,0
2020-09-23 16:44:25,262,active,4,1,0,20,0
2020-09-23 16:44:25,264,active,22,0,2,3,0
2020-09-23 16:44:25,265,active,10,0,2,23,0
2020-09-23 16:44:25,267,active,10,2,2,58,0
2020-09-23 16:44:25,268,active,27,1,0,0,0
2020-09-23 16:44:25,270,active,5,0,0,18,0
2020-09-23 16:44:25,274,active,17,0,1,13,0
2020-09-23 16:44:25,275,active,1,0,1,17,0
2020-09-23 16:44:25,276,active,14,0,3,8,0
2020-09-23 16:44:25,278,active,17,0,0,2,0
2020-09-23 16:44:25,280,active,40,3,1,18,0
2020-09-23 16:44:25,282,active,12,0,3,12,0
2020-09-23 16:44:25,284,active,40,1,2,1,0
2020-09-23 16:44:25,285,active,51,0,1,1,0
2020-09-23 16:44:25,289,active,4,0,1,14,0
2020-09-23 16:44:25,291,active,3,1,0,17,0
2020-09-23 16:44:25,293,active,30,1,2,23,0
2020-09-23 16:44:25,295,active,11,0,0,13,0
2020-09-23 16:44:25,297,active,46,3,0,31,0
2020-09-23 16:44:25,298,active,23,0,0,12,0
2020-09-23 16:44:25,301,active,15,0,1,42,0
2020-09-23 16:44:25,302,active,2,0,1,20,0
2020-09-23 16:44:25,303,active,53,3,1,13,0
2020-09-23 16:44:25,304,active,21,2,2,10,0
2020-09-23 16:44:25,305,active,29,1,1,3,0
2020-09-23 16:44:25,307,active,27,0,1,2,0
2020-09-23 16:44:25,308,active,23,0,0,4,0
2020-09-23 16:44:25,309,active,41,0,0,0,0
2020-09-23 16:44:25,310,active,58,0,3,5,0
2020-09-23 16:44:25,311,active,21,0,3,7,0
2020-09-23 16:44:25,312,active,5,0,4,22,0
2020-09-23 16:44:25,313,active,23,0,3,29,0
2020-09-23 16:44:25,315,active,25,1,4,0,0
2020-09-23 16:44:25,316,active,41,4,0,2,0
2020-09-23 16:44:25,317,active,7,1,1,46,0
2020-09-23 16:44:25,319,active,26,0,2,5,0
2020-09-23 16:44:25,320,active,39,4,0,0,0
2020-09-23 16:44:25,321,active,23,2,0,16,0
2020-09-23 16:44:25,323,active,14,0,1,24,0
2020-09-23 16:44:25,324,active,29,0,0,22,0
2020-09-23 16:44:25,325,active,11,0,2,22,0
2020-09-23 16:44:25,326,active,15,3,0,26,0
2020-09-23 16:44:25,327,active,30,0,1,8,0
2020-09-23 16:44:25,328,active,19,0,0,4,0
2020-09-23 16:44:25,330,active,32,0,1,6,0
2020-09-23 16:44:25,331,active,3,0,2,22,0
2020-09-23 16:44:25,332,active,15,0,1,20,0
2020-09-23 16:44:25,334,active,0,0,0,0,0
2020-09-23 16:44:25,335,active,24,1,1,2,0
2020-09-23 16:44:25,336,active,9,2,3,24,0
2020-09-23 16:44:25,340,active,20,0,1,6,0
2020-09-23 16:44:25,341,active,8,1,1,10,0
2020-09-23 16:44:25,342,active,17,0,1,11,0
2020-09-23 16:44:25,343,active,20,0,2,1,0
2020-09-23 16:44:25,344,active,1,0,0,22,0
2020-09-23 16:44:25,346,active,14,4,0,13,0
2020-09-23 16:44:25,347,active,19,2,1,15,0
2020-09-23 16:44:25,349,active,52,1,1,8,0
2020-09-23 16:44:25,350,active,24,3,3,1,0
2020-09-23 16:44:25,351,active,35,1,1,3,0
2020-09-23 16:44:25,353,active,3,0,0,24,0
2020-09-23 16:44:25,354,active,6,1,1,40,0
2020-09-23 16:44:25,355,active,27,0,3,13,0
2020-09-23 16:44:25,356,active,9,1,0,14,0
2020-09-23 16:44:25,358,active,19,1,0,31,0
2020-09-23 16:44:25,359,active,77,16,1,0,0
2020-09-23 16:44:25,360,active,33,0,2,4,0
2020-09-23 16:44:25,361,active,30,0,0,13,0
2020-09-23 16:44:25,362,active,34,8,1,22,0
2020-09-23 16:44:25,363,active,17,0,2,30,0
2020-09-23 16:44:25,364,active,1,1,1,25,0
2020-09-23 16:44:25,366,active,1,0,0,32,0
2020-09-23 16:44:25,367,active,37,0,1,5,0
2020-09-23 16:44:25,368,active,5,1,2,32,0
2020-09-23 16:44:25,369,active,17,0,3,40,0
2020-09-23 16:44:25,372,active,7,1,0,20,0
2020-09-23 16:44:25,373,active,5,0,1,13,0
2020-09-23 16:44:25,376,active,42,0,0,1,0
2020-09-23 16:44:25,377,active,44,2,1,3,0
2020-09-23 16:44:25,379,active,10,0,2,30,0
2020-09-23 16:44:25,380,active,0,0,1,4,0
2020-09-23 16:44:25,383,active,18,0,2,19,0
2020-09-23 16:44:25,385,active,15,2,1,13,0
2020-09-23 16:44:25,386,active,80,1,2,0,0
2020-09-23 16:44:25,387,active,22,2,0,17,0
2020-09-23 16:44:25,388,active,28,0,0,7,0
2020-09-23 16:44:25,390,active,27,0,1,3,0
2020-09-23 16:44:25,391,active,0,0,1,30,0
2020-09-23 16:44:25,392,active,20,0,3,12,0
2020-09-23 16:44:25,393,active,5,0,0,32,0
2020-09-23 16:44:25,394,active,1,1,1,32,0
2020-09-23 16:44:25,396,active,6,0,1,18,0
2020-09-23 16:44:25,397,active,1,0,1,73,0
2020-09-23 16:44:25,398,active,21,0,1,9,0
2020-09-23 16:44:25,399,active,1,0,0,38,0
2020-09-23 16:44:25,400,active,8,0,2,5,0
2020-09-23 16:44:25,401,active,22,0,2,18,0
2020-09-23 16:44:25,402,active,34,0,3,2,0
2020-09-23 16:44:25,403,active,11,1,0,19,1
2020-09-23 16:44:25,405,active,49,0,2,0,0
2020-09-23 16:44:25,406,active,3,0,1,16,0
2020-09-23 16:44:25,408,active,17,2,0,6,0
2020-09-23 16:44:25,410,active,0,0,0,45,0
2020-09-23 16:44:25,411,active,0,0,1,30,0
2020-09-23 16:44:25,412,active,13,0,2,14,0
2020-09-23 16:44:25,415,active,38,0,2,6,0
2020-09-23 16:44:25,416,active,1,0,3,27,0
2020-09-23 16:44:25,417,active,22,0,0,3,0
2020-09-23 16:44:25,418,active,19,2,3,1,0
2020-09-23 16:44:25,419,active,1,0,0,22,0
2020-09-23 16:44:25,420,active,10,2,1,40,0
2020-09-23 16:44:25,421,active,12,0,3,4,0
2020-09-23 16:44:25,422,active,28,1,1,49,0
2020-09-23 16:44:25,423,active,0,0,1,26,0
2020-09-23 16:44:25,426,active,24,2,1,5,0
2020-09-23 16:44:25,427,active,46,0,0,1,0
2020-09-23 16:44:25,432,active,5,0,1,25,0
2020-09-23 16:44:25,434,active,45,1,0,15,0
2020-09-23 16:44:25,435,active,29,0,6,15,0
2020-09-23 16:44:25,436,active,0,0,0,27,0
2020-09-23 16:44:25,437,active,1,0,1,22,0
2020-09-23 16:44:25,438,active,22,1,0,25,0
2020-09-23 16:44:25,439,active,22,0,0,17,0
2020-09-23 16:44:25,440,active,28,2,2,2,0
2020-09-23 16:44:25,442,active,32,0,2,17,0
2020-09-23 16:44:25,443,active,14,0,1,7,1
2020-09-23 16:44:25,445,active,34,0,3,43,0
2020-09-23 16:44:25,446,active,20,0,0,59,0
2020-09-23 16:44:25,447,active,9,2,1,21,0
2020-09-23 16:44:25,448,active,2,0,1,24,0
2020-09-23 16:44:25,450,active,14,0,4,49,0
2020-09-23 16:44:25,453,active,29,2,0,37,0
2020-09-23 16:44:25,454,active,4,0,1,30,0
2020-09-23 16:44:25,455,active,25,0,2,32,0
2020-09-23 16:44:25,456,active,21,15,0,0,35
2020-09-23 16:44:25,458,active,30,1,0,1,0
2020-09-23 16:44:25,460,active,0,0,4,21,0
2020-09-23 16:44:25,462,active,67,1,0,10,0
2020-09-23 16:44:25,464,active,50,5,3,0,0
2020-09-23 16:44:25,465,active,25,2,0,14,0
2020-09-23 16:44:25,466,active,15,2,1,11,8
2020-09-23 16:44:25,467,active,28,0,0,6,0
2020-09-23 16:44:25,468,active,47,4,4,14,0
2020-09-23 16:44:25,469,active,24,1,0,33,0
2020-09-23 16:44:25,470,active,46,0,0,26,0
2020-09-23 16:44:25,472,active,23,0,3,29,0
2020-09-23 16:44:25,473,active,20,0,1,29,0
2020-09-23 16:44:25,474,active,33,0,2,21,0
2020-09-23 16:44:25,476,active,3,0,1,61,0
2020-09-23 16:44:25,477,active,0,0,3,68,0
2020-09-23 16:44:25,478,active,2,0,1,34,0
2020-09-23 16:44:25,479,active,5,1,1,25,0
2020-09-23 16:44:25,480,active,4,0,2,23,0
2020-09-23 16:44:25,481,active,7,0,0,18,0
2020-09-23 16:44:25,482,active,52,2,3,24,0
2020-09-23 16:44:25,483,active,27,1,1,6,0
2020-09-23 16:44:25,484,active,45,8,1,0,0
2020-09-23 16:44:25,485,active,35,7,1,4,0
2020-09-23 16:44:25,486,active,22,3,2,17,0
2020-09-23 16:44:25,487,active,0,0,1,34,0
2020-09-23 16:44:25,489,active,31,0,1,17,0
2020-09-23 16:44:25,490,active,9,1,3,54,0
2020-09-23 16:44:25,492,active,4,2,0,63,0
2020-09-23 16:44:25,493,active,30,2,1,3,0
2020-09-23 16:44:25,494,active,3,1,1,62,0
2020-09-23 16:44:25,495,active,1,0,0,38,0
2020-09-23 16:44:25,496,active,63,4,1,0,1
2020-09-23 16:44:25,497,active,62,1,3,1,0
2020-09-23 16:44:25,499,active,11,2,1,24,0
2020-09-23 16:44:25,500,active,51,3,0,1,0
2020-09-23 16:44:25,501,active,10,0,1,68,0
2020-09-23 16:44:25,502,active,2,0,0,34,0
2020-09-23 16:44:25,503,active,30,1,0,1,0
2020-09-23 16:44:25,504,active,23,0,2,29,0
2020-09-23 16:44:25,505,active,7,0,2,43,0
2020-09-23 16:44:25,508,active,2,0,1,21,1
2020-09-23 16:44:25,509,active,20,2,4,37,0
2020-09-23 16:44:25,513,active,11,0,0,18,0
2020-09-23 16:44:25,514,active,21,0,2,29,0
2020-09-23 16:44:25,515,active,6,0,2,71,0
2020-09-23 16:44:25,516,active,15,2,1,15,0
2020-09-23 16:44:25,517,active,65,1,3,1,0
2020-09-23 16:44:25,519,active,65,9,3,1,0
2020-09-23 16:44:25,522,active,46,2,1,4,0
2020-09-23 16:44:25,525,active,47,0,1,8,0
2020-09-23 16:44:25,526,active,26,4,2,12,0
2020-09-23 16:44:25,528,active,1,0,4,34,0
2020-09-23 16:44:25,529,active,4,0,0,37,0
2020-09-23 16:44:25,530,active,10,0,1,13,0
2020-09-23 16:44:25,531,active,22,0,0,17,0
2020-09-23 16:44:25,532,active,22,0,3,18,0
2020-09-23 16:44:25,533,active,42,10,4,0,0
2020-09-23 16:44:25,534,active,24,5,1,6,0
2020-09-23 16:44:25,536,active,24,0,1,3,0
2020-09-23 16:44:25,539,active,22,0,1,8,0
2020-09-23 16:44:25,540,active,1,1,1,44,0
2020-09-23 16:44:25,545,active,11,0,1,15,0
2020-09-23 16:44:25,546,active,18,3,2,25,0
2020-09-23 16:44:25,2000,active,55,1,2,0,0
2020-09-23 16:44:25,2002,active,24,0,1,2,0
2020-09-23 16:44:25,2003,active,14,0,0,40,0
2020-09-23 16:44:25,2005,active,5,0,1,6,0
2020-09-23 16:44:25,2006,active,0,0,34,0,15
2020-09-23 16:44:25,2008,active,2,0,1,21,0
2020-09-23 16:44:25,2009,active,29,3,5,1,0
2020-09-23 16:44:25,2010,active,33,3,3,3,0
2020-09-23 16:44:25,2012,active,16,0,2,17,0
2020-09-23 16:44:25,2017,active,19,0,4,16,0
2020-09-23 16:44:25,2021,active,4,1,0,61,0
2020-09-23 16:44:25,2022,active,4,1,0,29,0
2020-09-23 16:44:25,3016,active,19,0,2,33,0
2020-09-23 16:44:25,3041,active,1,0,1,22,0
2020-09-23 16:44:25,3042,active,7,1,0,12,0
2020-09-23 16:44:25,3043,active,4,0,0,15,0
2020-09-23 16:44:25,3044,active,1,0,0,26,0
2020-09-23 16:44:25,3046,active,3,1,0,16,0
2020-09-23 16:44:25,3047,active,7,0,2,12,0
2020-09-23 16:44:25,3048,active,1,0,0,18,0
2020-09-23 16:44:25,3049,active,1,0,0,17,0
2020-09-23 16:44:25,3050,active,1,0,0,20,0
2020-09-23 16:44:25,3052,active,15,0,0,8,0
2020-09-23 16:44:25,3053,active,2,0,0,21,0
2020-09-23 16:44:25,3054,active,2,0,0,17,0
2020-09-23 16:44:25,3055,active,4,0,0,19,0
2020-09-23 16:44:25,3056,active,4,0,0,19,0
2020-09-23 16:44:25,3057,active,1,0,1,16,0
2020-09-23 16:44:25,3058,active,5,0,0,19,0
2020-09-23 16:44:25,3059,active,6,0,0,13,0
2020-09-23 16:44:25,3060,active,7,0,1,11,0
2020-09-23 16:44:25,3061,active,2,0,0,19,0
2020-09-23 16:44:25,3062,active,1,0,0,22,0
2020-09-23 16:44:25,3063,active,8,0,0,12,0
2020-09-23 16:44:25,3064,active,2,0,1,20,0
2020-09-23 16:44:25,3065,active,15,0,0,16,0
2020-09-23 16:44:25,3066,active,7,0,0,12,0
2020-09-23 16:44:25,3067,active,9,0,1,17,0
2020-09-23 16:44:25,3068,active,27,0,1,14,0
2020-09-23 16:44:25,3069,active,14,0,0,15,0
2020-09-23 16:44:25,3070,active,8,0,0,15,0
2020-09-23 16:44:25,3071,active,2,1,0,17,0
2020-09-23 16:44:25,3072,active,15,0,0,9,0
2020-09-23 16:44:25,3074,active,12,0,1,29,0
2020-09-23 16:44:25,3075,active,27,0,2,4,0
2020-09-23 16:44:25,3076,active,7,0,1,28,0
2020-09-23 16:44:25,3077,active,8,0,1,23,0
2020-09-23 16:44:25,3078,active,24,0,0,3,0
2020-09-23 16:44:25,3080,active,6,0,4,11,0
2020-09-23 16:44:25,3081,active,12,1,1,16,0
2020-09-23 16:44:25,3082,active,7,0,1,17,0
2020-09-23 16:44:25,3083,active,5,0,0,27,0
2020-09-23 16:44:25,3085,active,15,0,1,9,0
2020-09-23 16:44:25,3087,active,17,2,1,12,0
2020-09-23 16:44:25,3088,active,10,0,1,8,0
2020-09-23 16:44:25,3092,active,23,1,2,2,0
2020-09-23 16:44:25,3093,active,26,0,1,1,0
2020-09-23 16:44:25,3094,active,5,0,0,13,0
2020-09-23 16:44:25,3095,active,23,1,0,3,0
2020-09-23 16:44:25,3096,active,13,0,1,25,0
2020-09-23 16:44:25,3100,active,43,0,2,6,0
2020-09-23 16:44:25,3102,active,22,0,2,3,0
2020-09-23 16:44:25,3105,active,22,0,0,2,0
2020-09-23 16:44:25,3106,active,5,0,0,17,0
2020-09-23 16:44:25,3107,active,16,0,2,21,0
2020-09-23 16:44:25,3108,active,41,1,1,9,0
2020-09-23 16:44:25,3109,active,24,0,1,6,0
2020-09-23 16:44:25,3110,active,25,0,1,2,0
2020-09-23 16:44:25,3112,active,29,2,1,3,0
2020-09-23 16:44:25,3113,active,26,0,0,1,0
2020-09-23 16:44:25,3115,active,46,0,0,4,0
2020-09-23 16:44:25,3116,active,31,2,0,4,0
2020-09-23 16:44:25,3117,active,18,0,1,8,0
2020-09-23 16:44:25,3118,active,15,0,3,24,0
2020-09-23 16:44:25,3119,active,8,0,1,36,0
2020-09-23 16:44:25,3121,active,12,2,0,15,0
2020-09-23 16:44:25,3122,active,4,1,1,74,0
2020-09-23 16:44:25,3123,active,45,0,1,1,0
2020-09-23 16:44:25,3124,active,22,0,0,21,0
2020-09-23 16:44:25,3125,active,12,0,0,11,0
2020-09-23 16:44:25,3126,active,23,0,4,7,0
2020-09-23 16:44:25,3128,active,7,0,0,20,0
2020-09-23 16:44:25,3129,active,8,0,2,21,0
2020-09-23 16:44:25,3130,active,27,0,0,3,0
2020-09-23 16:44:25,3131,active,1,0,0,30,0
2020-09-23 16:44:25,3132,active,30,1,2,3,0
2020-09-23 16:44:25,3134,active,5,2,2,44,0
2020-09-23 16:44:25,3135,active,3,2,1,37,0
2020-09-23 16:44:25,3136,active,37,6,2,8,0
2020-09-23 16:44:25,3137,active,15,1,2,14,0
2020-09-23 16:44:25,3139,active,4,2,0,39,0
2020-09-23 16:44:25,3140,active,2,0,2,51,0
2020-09-23 16:44:25,3141,active,10,0,4,44,0
2020-09-23 16:44:25,3142,active,17,0,3,21,0
2020-09-23 16:44:25,3143,active,40,0,2,5,0
2020-09-23 16:44:25,3144,active,0,0,1,45,0
2020-09-23 16:44:25,3145,active,1,0,2,42,0
2020-09-23 16:44:25,3146,active,1,0,2,44,0
2020-09-23 16:44:25,3147,active,4,0,0,35,0
2020-09-23 16:44:25,3148,active,2,0,2,27,0
2020-09-23 16:44:25,3150,active,1,0,1,45,0
2020-09-23 16:44:25,3151,active,0,0,0,43,0
2020-09-23 16:44:25,3152,active,4,2,0,38,0
2020-09-23 16:44:25,3154,active,3,1,0,28,0
2020-09-23 16:44:25,3156,active,21,0,3,13,0
2020-09-23 16:44:25,3157,active,0,0,3,24,0
2020-09-23 16:44:25,3158,active,3,1,0,28,0
2020-09-23 16:44:25,3159,active,3,2,1,27,0
2020-09-23 16:44:25,3160,active,7,0,0,32,0
2020-09-23 16:44:25,3161,active,1,1,0,58,0
2020-09-23 16:44:25,3163,active,4,1,2,37,0
2020-09-23 16:44:25,3164,active,2,1,4,60,0
2020-09-23 16:44:25,3165,active,9,0,3,39,0
2020-09-23 16:44:25,3166,active,0,0,22,0,19
2020-09-23 16:44:25,3167,active,1,0,1,53,0
2020-09-23 16:44:25,3169,active,1,1,1,37,0
2020-09-23 16:44:25,3170,active,0,0,3,32,0
2020-09-23 16:44:25,3171,active,0,0,1,38,0
2020-09-23 16:44:25,3172,active,3,2,0,24,0
2020-09-23 16:44:25,3173,active,0,0,2,37,0
2020-09-23 16:44:25,3175,active,1,0,1,29,0
2020-09-23 16:44:25,3177,active,1,0,2,60,0
2020-09-23 16:44:25,3178,active,1,0,2,36,0
2020-09-23 16:44:25,3179,active,7,0,2,14,0
2020-09-23 16:44:25,3182,active,34,0,1,7,0
2020-09-23 16:44:25,3184,active,7,0,0,7,0
2020-09-23 16:44:25,3185,active,22,0,0,0,0
2020-09-23 16:44:25,3186,active,41,0,1,0,0
2020-09-23 16:44:25,3187,active,20,0,1,1,0
2020-09-23 16:44:25,3191,active,13,0,0,5,0
2020-09-23 16:44:25,3192,active,7,0,1,14,0
2020-09-23 16:44:25,3193,active,11,0,0,7,0
2020-09-23 16:44:25,3194,active,0,0,2,20,0
2020-09-23 16:44:25,3195,active,10,0,2,22,0
2020-09-23 16:44:25,3196,active,1,0,0,17,0
2020-09-23 16:44:25,3198,active,2,0,1,15,0
2020-09-23 16:44:25,3199,active,11,0,0,3,0
2020-09-23 16:44:25,3201,active,11,0,2,5,0
2020-09-23 16:44:25,3202,active,16,0,1,1,0
2020-09-23 16:44:25,3203,active,6,0,2,17,1
2020-09-23 16:44:25,3205,active,21,0,0,1,0
2020-09-23 16:44:25,3206,active,0,0,1,25,0
2020-09-23 16:44:25,3207,active,1,0,0,25,0
2020-09-23 16:44:25,3209,active,1,0,1,20,0
2020-09-23 16:44:25,3210,active,3,0,0,15,0
2020-09-23 16:44:25,3211,active,20,0,0,2,0
2020-09-23 16:44:25,3212,active,0,0,1,21,0
2020-09-23 16:44:25,3213,active,12,0,1,9,0
2020-09-23 16:44:25,3214,active,3,0,1,18,0
2020-09-23 16:44:25,3220,active,3,0,0,15,0
2020-09-23 16:44:25,3221,active,22,4,2,3,0
2020-09-23 16:44:25,3225,active,2,0,1,11,0
2020-09-23 16:44:25,3226,active,1,1,12,32,0
2020-09-23 16:44:25,3231,active,3,0,1,35,0
2020-09-23 16:44:25,3232,active,43,0,0,4,0
2020-09-23 16:44:25,3233,active,34,12,3,2,0
2020-09-23 16:44:25,3235,active,33,6,0,1,0
2020-09-23 16:44:25,3236,active,0,0,0,33,0
2020-09-23 16:44:25,3241,active,2,1,0,17,0
2020-09-23 16:44:25,3242,active,28,0,0,11,0
2020-09-23 16:44:25,3243,active,5,0,0,24,0
2020-09-23 16:44:25,3244,active,35,0,1,6,0
2020-09-23 16:44:25,3246,active,30,0,1,8,0
2020-09-23 16:44:25,3249,active,2,0,0,17,0
2020-09-23 16:44:25,3254,active,11,0,3,15,0
2020-09-23 16:44:25,3255,active,7,1,1,10,0
2020-09-23 16:44:25,3256,active,14,1,0,9,0
2020-09-23 16:44:25,3259,active,0,0,0,27,0
2020-09-23 16:44:25,3260,active,44,0,1,0,0
2020-09-23 16:44:25,3263,active,43,0,5,11,0
2020-09-23 16:44:25,3267,active,1,0,0,13,0
2020-09-23 16:44:25,3268,active,0,0,2,12,0
2020-09-23 16:44:25,3269,active,3,0,0,11,0
2020-09-23 16:44:25,3270,active,9,0,0,5,0
2020-09-23 16:44:25,3272,active,13,0,0,1,0
2020-09-23 16:44:25,3273,active,18,0,0,0,0
2020-09-23 16:44:25,3275,active,14,0,0,0,0
2020-09-23 16:44:25,3276,active,16,0,1,9,0
2020-09-23 16:44:25,3277,active,3,0,0,11,0
2020-09-23 16:44:25,3278,active,2,0,0,12,0
2020-09-23 16:44:25,3279,active,8,0,1,9,0
2020-09-23 16:44:25,3280,active,1,0,0,13,0
2020-09-23 16:44:25,3281,active,2,0,0,12,0
2020-09-23 16:44:25,3282,active,9,0,1,28,0
2020-09-23 16:44:25,3283,active,46,4,0,1,0
2020-09-23 16:44:25,3284,active,0,0,1,37,0
2020-09-23 16:44:25,3285,active,4,0,2,37,0
2020-09-23 16:44:25,3286,active,2,1,0,37,0
2020-09-23 16:44:25,3287,active,2,1,2,43,0
2020-09-23 16:44:25,3288,active,2,0,0,37,0
2020-09-23 16:44:25,3289,active,0,0,1,31,0
2020-09-23 16:44:25,3290,active,0,0,0,35,0
2020-09-23 16:44:25,3292,active,2,0,0,41,0
2020-09-23 16:44:25,3293,active,2,0,1,21,0
2020-09-23 16:44:25,3294,active,2,0,3,33,0
2020-09-23 16:44:25,3296,active,17,0,0,24,0
2020-09-23 16:44:25,3297,active,20,0,0,1,0
2020-09-23 16:44:25,3298,active,19,0,0,4,0
2020-09-23 16:44:25,3299,active,16,2,2,7,0
2020-09-23 16:44:25,3300,active,0,0,1,24,0
2020-09-23 16:44:25,3301,active,11,0,2,26,0
2020-09-23 16:44:25,3302,active,0,0,0,22,0
2020-09-23 16:44:25,3303,active,22,0,1,2,0
2020-09-23 16:44:25,3304,active,18,0,0,9,0
2020-09-23 16:44:25,3305,active,7,0,0,32,0
2020-09-23 16:44:25,3306,active,2,0,0,21,0
2020-09-23 16:44:25,3307,active,4,0,0,27,0
2020-09-23 16:44:25,3308,active,19,0,0,8,0
2020-09-23 16:44:25,3309,active,2,0,1,27,0
2020-09-23 16:44:25,3310,active,13,0,1,10,0
2020-09-23 16:44:25,3311,active,14,0,0,7,0
2020-09-23 16:44:25,3312,active,22,0,1,15,0
2020-09-23 16:44:25,3313,active,13,0,2,14,0
2020-09-23 16:44:25,3314,active,3,0,3,26,0
2020-09-23 16:44:25,3315,active,16,0,1,6,0
2020-09-23 16:44:25,3317,active,20,1,1,3,0
2020-09-23 16:44:25,3318,active,11,0,2,26,0
2020-09-23 16:44:25,3319,active,17,0,1,3,0
2020-09-23 16:44:25,3321,active,17,1,0,8,0
2020-09-23 16:44:25,3323,active,2,1,2,55,0
2020-09-23 16:44:25,3324,active,25,1,0,0,0
2020-09-23 16:44:25,3325,active,2,2,1,28,0
2020-09-23 16:44:25,3326,active,19,1,0,2,0
2020-09-23 16:44:25,3327,active,7,0,0,20,0
2020-09-23 16:44:25,3328,active,1,0,3,35,0
2020-09-23 16:44:25,3329,active,17,0,1,9,0
2020-09-23 16:44:25,3330,active,19,2,0,0,0
2020-09-23 16:44:25,3331,active,0,0,4,35,0
2020-09-23 16:44:25,3332,active,16,0,0,3,0
2020-09-23 16:44:25,3333,active,21,0,0,0,0
2020-09-23 16:44:25,3335,active,24,0,0,4,0
2020-09-23 16:44:25,3336,active,3,0,0,38,0
2020-09-23 16:44:25,3337,active,22,1,1,0,0
2020-09-23 16:44:25,3338,active,12,0,1,18,0
2020-09-23 16:44:25,3339,active,14,1,1,8,0
2020-09-23 16:44:25,3342,active,22,0,0,1,0
2020-09-23 16:44:25,3343,active,0,0,0,23,0
2020-09-23 16:44:25,3344,active,15,2,1,3,0
2020-09-23 16:44:25,3345,active,35,1,0,0,0
2020-09-23 16:44:25,3347,active,21,0,0,0,0
2020-09-23 16:44:25,3348,active,19,0,0,0,0
2020-09-23 16:44:25,3349,active,3,0,2,25,0
2020-09-23 16:44:25,3350,active,16,1,0,23,0
2020-09-23 16:44:25,3351,active,1,0,3,21,0
2020-09-23 16:44:25,3352,active,21,0,0,0,0
2020-09-23 16:44:25,3354,active,8,1,1,22,0
2020-09-23 16:44:25,3355,active,8,0,0,17,0
2020-09-23 16:44:25,3356,active,0,0,0,21,0
2020-09-23 16:44:25,3357,active,0,0,0,35,0
2020-09-23 16:44:25,3358,active,2,0,0,23,0
2020-09-23 16:44:25,3359,active,4,0,0,36,1
2020-09-23 16:44:25,3361,active,16,0,0,7,0
2020-09-23 16:44:25,3362,active,0,0,1,33,0
2020-09-23 16:44:25,3363,active,21,0,1,11,0
2020-09-23 16:44:25,3364,active,21,0,2,4,0
2020-09-23 16:44:25,3365,active,16,1,2,9,0
2020-09-23 16:44:25,3366,active,0,0,1,21,0
2020-09-23 16:44:25,3367,active,33,8,0,6,0
2020-09-23 16:44:25,3368,active,28,0,1,1,0
2020-09-23 16:44:25,3369,active,0,0,2,27,0
2020-09-23 16:44:25,3370,active,0,0,1,24,0
2020-09-23 16:44:25,3372,active,14,1,0,25,0
2020-09-23 16:44:25,3373,active,27,0,0,0,0
2020-09-23 16:44:25,3374,active,10,0,3,23,0
2020-09-23 16:44:25,3375,active,4,0,1,30,0
2020-09-23 16:44:25,3376,active,2,0,0,37,0
2020-09-23 16:44:25,3377,active,23,0,1,1,0
2020-09-23 16:44:25,3378,active,5,0,0,23,0
2020-09-23 16:44:25,3379,active,18,1,1,16,0
2020-09-23 16:44:25,3381,active,20,0,0,1,0
2020-09-23 16:44:25,3383,active,4,0,1,20,0
2020-09-23 16:44:25,3384,active,21,0,0,4,0
2020-09-23 16:44:25,3386,active,18,0,0,9,0
2020-09-23 16:44:25,3387,active,17,0,0,8,0
2020-09-23 16:44:25,3388,active,23,0,1,1,0
2020-09-23 16:44:25,3390,active,1,0,1,22,0
2020-09-23 16:44:25,3391,active,18,1,0,7,0
2020-09-23 16:44:25,3392,active,14,0,1,4,0
2020-09-23 16:44:25,3393,active,19,0,0,0,0
2020-09-23 16:44:25,3394,active,21,0,0,0,0
2020-09-23 16:44:25,3395,active,17,2,0,2,0
2020-09-23 16:44:25,3396,active,15,0,2,8,0
2020-09-23 16:44:25,3397,active,21,0,1,3,0
2020-09-23 16:44:25,3398,active,20,0,0,3,0
2020-09-23 16:44:25,3399,active,23,0,0,1,0
2020-09-23 16:44:25,3400,active,9,0,1,14,0
2020-09-23 16:44:25,3402,active,17,1,2,4,0
2020-09-23 16:44:25,3403,active,27,0,0,4,0
2020-09-23 16:44:25,3404,active,26,0,0,1,0
2020-09-23 16:44:25,3405,active,21,0,0,2,0
2020-09-23 16:44:25,3407,active,22,0,0,1,0
2020-09-23 16:44:25,3408,active,18,0,0,9,0
2020-09-23 16:44:25,3409,active,20,1,2,13,0
2020-09-23 16:44:25,3410,active,27,0,0,4,0
2020-09-23 16:44:25,3411,active,25,0,0,2,0
2020-09-23 16:44:25,3412,active,7,0,2,9,0
2020-09-23 16:44:25,3414,active,5,1,0,28,0
2020-09-23 16:44:25,3415,active,3,2,1,21,0
2020-09-23 16:44:25,3416,active,2,0,1,22,0
2020-09-23 16:44:25,3417,active,22,0,0,5,0
2020-09-23 16:44:25,3418,active,2,1,1,30,0
2020-09-23 16:44:25,3419,active,26,0,0,1,0
2020-09-23 16:44:25,3420,active,20,0,1,0,0
2020-09-23 16:44:25,3421,active,19,0,0,4,0
2020-09-23 16:44:25,3422,active,6,0,3,12,0
2020-09-23 16:44:25,3423,active,2,1,2,25,0
2020-09-23 16:44:25,3424,active,1,0,2,24,0
2020-09-23 16:44:25,3425,active,6,0,1,26,0
2020-09-23 16:44:25,3429,active,9,0,2,28,0
2020-09-23 16:44:25,3430,active,4,0,0,21,0
2020-09-23 16:44:25,3435,active,43,0,0,2,0
2020-09-23 16:44:25,3436,active,34,0,0,1,0
2020-09-23 16:44:25,3437,active,3,0,1,35,0
2020-09-23 16:44:25,3440,active,37,0,0,6,0
2020-09-23 16:44:25,3443,active,38,7,1,1,0
2020-09-23 16:44:25,3452,active,32,0,1,10,0
2020-09-23 16:44:25,3453,active,5,0,1,13,0
2020-09-23 16:44:25,3454,active,1,0,0,23,0
2020-09-23 16:44:25,3456,active,17,0,1,4,0
2020-09-23 16:44:25,3457,active,40,4,5,1,0
2020-09-23 16:44:25,3461,active,30,1,1,2,0
2020-09-23 16:44:25,3462,active,19,2,0,20,0
2020-09-23 16:44:25,3463,active,36,1,0,1,0
2020-09-23 16:44:25,3467,active,43,4,0,1,0
2020-09-23 16:44:25,3469,active,20,0,1,2,0
2020-09-23 16:44:25,3472,active,34,1,1,4,0
2020-09-23 16:44:25,3477,active,0,0,25,0,8
2020-09-23 16:44:25,3478,active,43,2,0,0,0
2020-09-23 16:44:25,3479,active,20,0,2,23,0
2020-09-23 16:44:25,3481,active,10,0,0,12,0
2020-09-23 16:44:25,3483,active,13,0,1,0,0
2020-09-23 16:44:25,3486,active,29,0,0,1,0
2020-09-23 16:44:25,3490,active,13,0,1,17,0
2020-09-23 16:44:25,3491,active,15,0,0,9,0
2020-09-23 16:44:25,3492,active,3,0,0,24,0
2020-09-23 16:44:25,3493,active,8,1,0,23,0
2020-09-23 16:44:25,3494,active,22,1,2,1,0
2020-09-23 16:44:25,3495,active,10,0,1,15,0
2020-09-23 16:44:25,3496,active,20,0,2,3,0
2020-09-23 16:44:25,3497,active,6,1,0,17,0
2020-09-23 16:44:25,3498,active,12,1,0,9,0
2020-09-23 16:44:25,3499,active,8,0,4,13,0
2020-09-23 16:44:25,3500,active,19,0,0,12,0
2020-09-23 16:44:25,3501,active,2,0,1,26,0
2020-09-23 16:44:25,3502,active,4,0,0,25,0
2020-09-23 16:44:25,3503,active,6,0,0,24,0
2020-09-23 16:44:25,3504,active,12,0,0,15,0
2020-09-23 16:44:25,3505,active,5,0,2,26,0
2020-09-23 16:44:25,3506,active,4,0,0,25,0
2020-09-23 16:44:25,3507,active,7,0,0,29,0
2020-09-23 16:44:25,3508,active,5,0,1,25,0
2020-09-23 16:44:25,3509,active,26,0,1,4,0
2020-09-23 16:44:25,3510,active,10,0,0,21,0
2020-09-23 16:44:25,3511,active,15,0,1,6,0
2020-09-23 16:44:25,3513,active,11,0,0,10,0
2020-09-23 16:44:25,3514,active,15,0,0,8,0
2020-09-23 16:44:25,3515,active,10,0,0,9,0
2020-09-23 16:44:25,3516,active,3,0,1,27,0
2020-09-23 16:44:25,3517,active,29,1,1,5,0
2020-09-23 16:44:25,3518,active,20,0,1,13,0
2020-09-23 16:44:25,3520,active,13,0,1,13,0
2020-09-23 16:44:25,3521,active,21,0,0,15,0
2020-09-23 16:44:25,3522,active,0,0,0,19,0
2020-09-23 16:44:25,3523,active,23,1,0,2,0
2020-09-23 16:44:25,3524,active,15,1,0,8,0
2020-09-23 16:44:25,3525,active,14,0,0,7,0
2020-09-23 16:44:25,3526,active,12,0,1,14,0
2020-09-23 16:44:25,3527,active,7,1,0,20,0
2020-09-23 16:44:25,3528,active,1,1,0,20,0
2020-09-23 16:44:25,3529,active,4,0,0,21,0
2020-09-23 16:44:25,3530,active,1,0,0,18,0
2020-09-23 16:44:25,3531,active,3,1,0,24,0
2020-09-23 16:44:25,3532,active,3,1,2,22,0
2020-09-23 16:44:25,3533,active,9,0,0,25,0
2020-09-23 16:44:25,3534,active,5,0,2,32,0
2020-09-23 16:44:25,3535,active,1,0,2,24,0
2020-09-23 16:44:25,3536,active,4,1,0,39,0
2020-09-23 16:44:25,3537,active,0,0,0,29,0
2020-09-23 16:44:25,3538,active,2,0,0,43,0
2020-09-23 16:44:25,3539,active,0,0,1,42,0
2020-09-23 16:44:25,3540,active,10,0,1,24,0
2020-09-23 16:44:25,3541,active,7,0,0,32,0
2020-09-23 16:44:25,3542,active,1,0,0,28,0
2020-09-23 16:44:25,3543,active,1,1,1,33,0
2020-09-23 16:44:25,3544,active,1,0,1,25,0
2020-09-23 16:44:25,3545,active,3,0,0,30,0
2020-09-23 16:44:25,3546,active,0,0,0,21,0
2020-09-23 16:44:25,3547,active,1,0,2,38,0
2020-09-23 16:44:25,3549,active,2,0,0,23,0
2020-09-23 16:44:25,3551,active,0,0,0,23,0
2020-09-23 16:44:25,3552,active,4,1,0,35,0
2020-09-23 16:44:25,3553,active,13,1,2,22,0
2020-09-23 16:44:25,3554,active,1,0,0,26,0
2020-09-23 16:44:25,3555,active,5,0,0,22,0
2020-09-23 16:44:25,3557,active,1,0,0,18,0
2020-09-23 16:44:25,3558,active,0,0,0,27,0
2020-09-23 16:44:25,3559,active,2,0,0,16,1
2020-09-23 16:44:25,3561,active,3,0,0,23,0
2020-09-23 16:44:25,3562,active,0,0,0,27,0
2020-09-23 16:44:25,3563,active,7,0,2,20,0
2020-09-23 16:44:25,3564,active,8,1,0,11,0
2020-09-23 16:44:25,3565,active,6,0,1,12,0
2020-09-23 16:44:25,3566,active,8,0,0,17,0
2020-09-23 16:44:25,3567,active,4,0,0,15,0
2020-09-23 16:44:25,3568,active,7,0,0,14,0
2020-09-23 16:44:25,3569,active,1,0,1,27,0
2020-09-23 16:44:25,3570,active,2,0,0,29,0
2020-09-23 16:44:25,3571,active,5,0,0,19,0
2020-09-23 16:44:25,3572,active,2,0,0,31,0
2020-09-23 16:44:25,3573,active,12,0,0,13,0
2020-09-23 16:44:25,3574,active,0,0,0,23,0
2020-09-23 16:44:25,3575,active,1,0,0,18,0
2020-09-23 16:44:25,3576,active,1,0,0,26,0
2020-09-23 16:44:25,3577,active,1,0,0,22,0
2020-09-23 16:44:25,3578,active,0,0,0,21,0
2020-09-23 16:44:25,3579,active,1,0,0,24,0
2020-09-23 16:44:25,3580,active,3,0,0,27,0
2020-09-23 16:44:25,3581,active,1,0,0,26,0
2020-09-23 16:44:25,3582,active,1,0,0,27,0
2020-09-23 16:44:25,3583,active,19,0,2,10,0
2020-09-23 16:44:25,3584,active,3,0,1,38,0
2020-09-23 16:44:25,3585,active,2,0,1,21,0
2020-09-23 16:44:25,3586,active,18,0,0,1,0
2020-09-23 16:44:25,3587,active,1,0,0,26,0
2020-09-23 16:44:25,3588,active,20,0,0,1,0
2020-09-23 16:44:25,3589,active,12,0,0,7,0
2020-09-23 16:44:25,3590,active,7,0,0,12,0
2020-09-23 16:44:25,3591,active,8,0,1,12,0
2020-09-23 16:44:25,3592,active,0,0,2,17,0
2020-09-23 16:44:25,3593,active,9,1,0,26,0
2020-09-23 16:44:25,3595,active,9,1,0,9,0
2020-09-23 16:44:25,3596,active,11,0,0,8,0
2020-09-23 16:44:25,3597,active,2,0,0,23,0
2020-09-23 16:44:25,3598,active,5,0,0,14,0
2020-09-23 16:44:25,3600,active,5,0,1,21,0
2020-09-23 16:44:25,3601,active,2,1,3,14,0
2020-09-23 16:44:25,3602,active,3,0,0,20,0
2020-09-23 16:44:25,3603,active,0,0,1,20,0
2020-09-23 16:44:25,3604,active,13,1,0,4,0
2020-09-23 16:44:25,3605,active,0,0,1,20,0
2020-09-23 16:44:25,3606,active,10,0,1,10,0
2020-09-23 16:44:25,3607,active,14,0,0,5,0
2020-09-23 16:44:25,3608,active,1,0,0,20,0
2020-09-23 16:44:25,3609,active,20,0,0,3,0
2020-09-23 16:44:25,3610,active,13,1,0,14,0
2020-09-23 16:44:25,3611,active,14,0,0,17,0
2020-09-23 16:44:25,3612,active,3,0,0,12,0
2020-09-23 16:44:25,3613,active,0,0,0,27,0
2020-09-23 16:44:25,3614,active,0,0,0,23,0
2020-09-23 16:44:25,3615,active,5,0,0,16,0
2020-09-23 16:44:25,3616,active,9,0,1,15,0
2020-09-23 16:44:25,3617,active,3,0,0,24,0
2020-09-23 16:44:25,3618,active,11,1,1,21,0
2020-09-23 16:44:25,3619,active,2,0,0,14,0
2020-09-23 16:44:25,3620,active,16,1,0,7,0
2020-09-23 16:44:25,3621,active,15,0,0,4,0
2020-09-23 16:44:25,3622,active,1,0,0,22,0
2020-09-23 16:44:25,3623,active,22,2,2,15,0
2020-09-23 16:44:25,3628,active,2,0,3,26,0
2020-09-23 16:44:25,3629,active,7,0,1,25,0
2020-09-23 16:44:25,3630,active,12,0,0,21,0
2020-09-23 16:44:25,3637,active,2,0,2,27,0
2020-09-23 16:44:25,3638,active,2,0,1,15,0
2020-09-23 16:44:25,3639,active,13,0,2,15,0
2020-09-23 16:44:25,3640,active,1,0,0,17,0
2020-09-23 16:44:25,3641,active,45,3,2,7,0
2020-09-23 16:44:25,3646,active,4,1,3,11,8
2020-09-23 16:44:25,3647,active,22,0,0,1,0
2020-09-23 16:44:25,3648,active,23,0,2,0,0
2020-09-23 16:44:25,3649,active,2,1,0,28,0
2020-09-23 16:44:25,3654,active,3,0,0,32,0
2020-09-23 16:44:25,3656,active,21,0,2,23,0
2020-09-23 16:44:25,3658,active,26,0,0,1,0
2020-09-23 16:44:25,3661,active,8,0,0,11,0
2020-09-23 16:44:25,3664,active,23,1,0,7,0
2020-09-23 16:44:25,3668,active,14,0,1,11,0
2020-09-23 16:44:25,3671,active,1,1,0,36,0
2020-09-23 16:44:25,3673,active,2,0,1,18,0
2020-09-23 16:44:25,3674,active,26,0,1,0,0
2020-09-23 16:44:25,3676,active,23,0,0,1,0
2020-09-23 16:44:25,3677,active,0,0,0,18,0
2020-09-23 16:44:25,3678,active,0,0,0,18,0
2020-09-23 16:44:25,3679,active,0,0,0,14,0
2020-09-23 16:44:25,3680,active,54,12,1,0,0
2020-09-23 16:44:25,3681,active,11,0,0,7,0
2020-09-23 16:44:25,3686,active,37,1,0,2,0
2020-09-23 16:44:25,3687,active,42,0,2,39,0
2020-09-23 16:44:25,3689,active,2,1,1,44,0
2020-09-23 16:44:25,3690,active,33,0,0,3,0
2020-09-23 16:44:25,3691,active,3,0,1,15,0
2020-09-23 16:44:25,3693,active,23,0,1,3,0
2020-09-23 16:44:25,3694,active,6,0,0,12,0
2020-09-23 16:44:25,3697,active,2,0,3,38,0
2020-09-23 16:44:25,3699,active,1,0,2,27,0
2020-09-23 16:44:25,3704,active,7,1,0,12,0
2020-09-23 16:44:25,3707,active,21,0,2,32,0
2020-09-23 16:44:25,3708,active,27,0,0,2,0
2020-09-23 16:44:25,3709,active,39,1,2,10,0
2020-09-23 16:44:25,3711,active,1,0,3,43,0
2020-09-23 16:44:25,3712,active,0,0,1,40,0
2020-09-23 16:44:25,3714,active,52,0,0,9,0
2020-09-23 16:44:25,3715,active,26,0,4,1,0
2020-09-23 16:44:25,3716,active,5,0,0,18,0
2020-09-23 16:44:25,3718,active,2,0,0,44,0
2020-09-23 16:44:25,3721,active,8,0,0,27,0
2020-09-23 16:44:25,3723,active,25,0,1,4,0
2020-09-23 16:44:25,3724,active,6,0,2,31,0
2020-09-23 16:44:25,3725,active,3,0,4,34,0
2020-09-23 16:44:25,3726,active,3,2,0,20,0
2020-09-23 16:44:25,3727,active,24,0,0,14,0
2020-09-23 16:44:25,3728,active,5,0,1,18,0
2020-09-23 16:44:25,3731,active,45,11,1,0,0
2020-09-23 16:44:25,3733,active,3,0,1,42,0
2020-09-23 16:44:25,3734,active,24,3,1,25,0
2020-09-23 16:44:25,3735,active,28,1,1,9,0
2020-09-23 16:44:25,3737,active,15,1,0,20,0
2020-09-23 16:44:25,3738,active,13,0,0,18,0
2020-09-23 16:44:25,3739,active,23,1,0,14,0
2020-09-23 16:44:25,3740,active,30,1,0,4,0
2020-09-23 16:44:25,3744,active,5,0,1,45,0
2020-09-23 16:44:25,3745,active,5,0,2,20,0
2020-09-23 16:44:25,3746,active,42,0,2,4,0
2020-09-23 16:44:25,3749,active,11,1,3,9,0
2020-09-23 16:44:25,3755,active,4,0,1,14,0
2020-09-23 16:44:25,3756,active,21,2,0,0,0
2020-09-23 16:44:25,3757,active,23,2,0,0,0
2020-09-23 16:44:25,3758,active,14,0,0,5,0
2020-09-23 16:44:25,3759,active,11,0,0,8,0
2020-09-23 16:44:25,3760,active,11,0,0,12,0
2020-09-23 16:44:25,3761,active,4,0,0,23,0
2020-09-23 16:44:25,3762,active,26,1,1,0,0
2020-09-23 16:44:25,3763,active,21,0,0,6,0
2020-09-23 16:44:25,3764,active,13,0,0,8,0
2020-09-23 16:44:25,3765,active,14,0,0,7,0
2020-09-23 16:44:25,3766,active,8,1,0,16,0
2020-09-23 16:44:25,3768,active,12,0,1,10,0
2020-09-23 16:44:25,3769,active,23,0,0,0,0
2020-09-23 16:44:25,3770,active,20,1,0,1,0
2020-09-23 16:44:25,3771,active,30,1,0,0,0
2020-09-23 16:44:25,3772,active,12,0,0,7,0
2020-09-23 16:44:25,3773,active,17,0,1,2,0
2020-09-23 16:44:25,3774,active,20,0,0,3,0
2020-09-23 16:44:25,3775,active,5,0,0,22,0
2020-09-23 16:44:25,3776,active,3,0,0,20,0
2020-09-23 16:44:25,3777,active,10,1,1,12,0
2020-09-23 16:44:25,3778,active,13,0,0,14,0
2020-09-23 16:44:25,3779,active,11,0,0,13,0
2020-09-23 16:44:25,3780,active,6,0,0,16,0
2020-09-23 16:44:25,3781,active,4,0,0,26,0
2020-09-23 16:44:25,3782,active,15,0,2,14,0
2020-09-23 16:44:25,3783,active,72,0,0,1,0
2020-09-23 16:44:25,3785,active,35,2,1,1,0
2020-09-23 16:44:25,3786,active,48,0,0,1,0
2020-09-23 16:44:25,3787,active,21,3,0,1,0
2020-09-23 16:44:25,3789,active,2,0,1,28,0
2020-09-23 16:44:25,3790,active,13,0,1,23,0
2020-09-23 16:44:25,3791,active,8,0,0,24,0
2020-09-23 16:44:25,3792,active,23,0,0,7,0
2020-09-23 16:44:25,3795,active,12,0,7,0,0
2020-09-23 16:44:25,3798,active,51,3,2,2,0
2020-09-23 16:44:25,3799,active,11,0,3,53,0
2020-09-23 16:44:25,3803,active,14,0,0,13,0
2020-09-23 16:44:25,3804,active,21,1,2,1,0
2020-09-23 16:44:25,3808,active,7,0,0,12,0
2020-09-23 16:44:25,3809,active,48,2,3,2,0
2020-09-23 16:44:25,3811,active,17,0,2,0,0
2020-09-23 16:44:25,3812,active,43,0,4,2,0
2020-09-23 16:44:25,3814,active,22,2,1,0,0
2020-09-23 16:44:25,3815,active,21,1,1,19,0
2020-09-23 16:44:25,3816,active,23,0,0,1,0
2020-09-23 16:44:25,3817,active,5,0,0,13,0
2020-09-23 16:44:25,3818,active,32,2,1,7,0
2020-09-23 16:44:25,3819,active,19,0,0,1,0
2020-09-23 16:44:25,3820,active,9,0,0,10,0
2020-09-23 16:44:25,3821,active,11,6,0,14,0
2020-09-23 16:44:25,3822,active,1,0,0,19,0
2020-09-23 16:44:25,3823,active,6,0,0,24,0
2020-09-23 16:44:25,3824,active,3,0,0,20,0
2020-09-23 16:44:25,3825,active,1,1,0,28,0
2020-09-23 16:44:25,3826,active,1,0,0,17,0
2020-09-23 16:44:25,3827,active,0,0,0,20,0
2020-09-23 16:44:25,3828,active,1,0,0,21,0
2020-09-23 16:44:25,3829,active,3,1,0,21,0
2020-09-23 16:44:25,3830,active,0,0,0,22,0
2020-09-23 16:44:25,3831,active,4,0,1,30,0
2020-09-23 16:44:25,3832,active,2,0,0,19,0
2020-09-23 16:44:25,3833,active,1,0,1,16,0
2020-09-23 16:44:25,3834,active,3,0,0,16,0
2020-09-23 16:44:25,3835,active,0,0,0,22,0
2020-09-23 16:44:25,3836,active,4,0,0,25,0
2020-09-23 16:44:25,3837,active,1,0,0,28,0
2020-09-23 16:44:25,3838,active,1,0,0,24,0
2020-09-23 16:44:25,3839,active,0,0,1,28,0
2020-09-23 16:44:25,3840,active,1,0,0,23,0
2020-09-23 16:44:25,3841,active,8,0,0,16,1
2020-09-23 16:44:25,3842,active,1,0,0,28,0
2020-09-23 16:44:25,3843,active,0,0,1,22,0
2020-09-23 16:44:25,3844,active,0,0,2,23,0
2020-09-23 16:44:25,3845,active,3,0,0,18,0
2020-09-23 16:44:25,3846,active,1,0,1,23,0
2020-09-23 16:44:25,3847,active,1,0,0,24,0
2020-09-23 16:44:25,3848,active,13,0,0,19,0
2020-09-23 16:44:25,3849,active,14,0,0,3,0
2020-09-23 16:44:25,3850,active,19,0,1,5,0
2020-09-23 16:44:25,3851,active,15,2,0,5,0
2020-09-23 16:44:25,3852,active,10,2,0,7,0
2020-09-23 16:44:25,3853,active,11,0,0,9,0
2020-09-23 16:44:25,3854,active,12,0,0,12,1
2020-09-23 16:44:25,3855,active,8,0,1,13,0
2020-09-23 16:44:25,3856,active,13,0,0,12,0
2020-09-23 16:44:25,3857,active,13,0,0,6,0
2020-09-23 16:44:25,3858,active,17,0,2,1,0
2020-09-23 16:44:25,3859,active,13,2,0,7,0
2020-09-23 16:44:25,3860,active,5,0,0,21,0
2020-09-23 16:44:25,3861,active,7,0,0,13,0
2020-09-23 16:44:25,3862,active,0,0,0,18,0
2020-09-23 16:44:25,3863,active,0,0,0,18,0
2020-09-23 16:44:25,3864,active,2,0,0,28,0
2020-09-23 16:44:25,3865,active,3,0,0,21,0
2020-09-23 16:44:25,3866,active,4,0,0,28,0
2020-09-23 16:44:25,3867,active,0,0,0,29,0
2020-09-23 16:44:25,3868,active,1,0,0,18,0
2020-09-23 16:44:25,3869,active,3,0,0,21,0
2020-09-23 16:44:25,3870,active,13,0,1,6,0
2020-09-23 16:44:25,3871,active,0,0,0,30,0
2020-09-23 16:44:25,3872,active,0,0,0,19,0
2020-09-23 16:44:25,3873,active,0,0,0,17,0
2020-09-23 16:44:25,3874,active,3,0,0,13,0
2020-09-23 16:44:25,3875,active,0,0,0,15,0
2020-09-23 16:44:25,3876,active,1,1,1,21,0
2020-09-23 16:44:25,3877,active,1,0,0,24,0
2020-09-23 16:44:25,3878,active,2,0,0,17,0
2020-09-23 16:44:25,3879,active,3,0,0,22,0
2020-09-23 16:44:25,3880,active,12,0,0,15,0
2020-09-23 16:44:25,3881,active,4,0,2,33,0
2020-09-23 16:44:25,3882,active,6,0,0,9,0
2020-09-23 16:44:25,3884,active,6,0,0,17,0
2020-09-23 16:44:25,3886,active,0,0,0,20,0
2020-09-23 16:44:25,3887,active,12,0,1,8,0
2020-09-23 16:44:25,3888,active,0,0,0,19,0
2020-09-23 16:44:25,3890,active,5,0,0,26,0
2020-09-23 16:44:25,3891,active,0,0,0,20,0
2020-09-23 16:44:25,3892,active,11,0,1,7,0
2020-09-23 16:44:25,3893,active,2,0,0,23,0
2020-09-23 16:44:25,3895,active,0,0,0,25,0
2020-09-23 16:44:25,3896,active,4,0,0,18,0
2020-09-23 16:44:25,3897,active,1,1,0,16,0
2020-09-23 16:44:25,3898,active,3,1,0,54,0
2020-09-23 16:44:25,3899,active,13,1,0,5,0
2020-09-23 16:44:25,3900,active,21,0,0,9,0
2020-09-23 16:44:25,3901,active,1,1,0,16,0
2020-09-23 16:44:25,3902,active,4,4,0,15,0
2020-09-23 16:44:25,3903,active,0,0,0,17,0
2020-09-23 16:44:25,3905,active,23,0,1,3,0
2020-09-23 16:44:25,3906,active,25,2,2,5,0
2020-09-23 16:44:25,3907,active,10,4,0,7,0
2020-09-23 16:44:25,3909,active,3,0,0,17,0
2020-09-23 16:44:25,3910,active,4,4,0,13,0
2020-09-23 16:44:25,3911,active,14,0,0,8,0
2020-09-23 16:44:25,3913,active,19,1,0,0,0
2020-09-23 16:44:25,3914,active,0,0,0,39,0
2020-09-23 16:44:25,3916,active,43,1,0,2,0
2020-09-23 16:44:25,3917,active,19,0,1,11,0
2020-09-23 16:44:25,3918,active,4,1,1,25,0
2020-09-23 16:44:25,3919,active,21,2,2,0,32
2020-09-23 16:44:25,3920,active,3,0,1,15,0
2020-09-23 16:44:25,3921,active,0,0,0,19,0
2020-09-23 16:44:25,3922,active,2,0,1,16,0
2020-09-23 16:44:25,3923,active,2,2,0,15,0
2020-09-23 16:44:25,3924,active,6,0,0,19,0
2020-09-23 16:44:25,3925,active,5,1,0,16,0
2020-09-23 16:44:25,3926,active,0,0,1,19,0
2020-09-23 16:44:25,3927,active,0,0,0,27,0
2020-09-23 16:44:25,3928,active,0,0,0,18,0
2020-09-23 16:44:25,3929,active,4,3,2,13,0
2020-09-23 16:44:25,3930,active,3,3,1,15,0
2020-09-23 16:44:25,3931,active,5,1,0,18,0
2020-09-23 16:44:25,3932,active,8,2,1,14,0
2020-09-23 16:44:25,3933,active,7,0,0,12,0
2020-09-23 16:44:25,3934,active,1,0,1,25,0
2020-09-23 16:44:25,3935,active,1,0,2,16,0
2020-09-23 16:44:25,3936,active,7,0,1,11,0
2020-09-23 16:44:25,3937,active,2,0,2,19,0
2020-09-23 16:44:25,3939,active,6,0,1,14,0
2020-09-23 16:44:25,3940,active,13,0,0,3,0
2020-09-23 16:44:25,3941,active,14,0,2,1,0
2020-09-23 16:44:25,3942,active,0,0,0,21,0
2020-09-23 16:44:25,3944,active,0,0,0,30,0
2020-09-23 16:44:25,3945,active,0,0,0,21,0
2020-09-23 16:44:25,3946,active,0,0,1,20,0
2020-09-23 16:44:25,3947,active,8,0,0,10,0
2020-09-23 16:44:25,3948,active,0,0,0,23,0
2020-09-23 16:44:25,3949,active,11,0,0,12,0
2020-09-23 16:44:25,3950,active,4,0,0,15,0
2020-09-23 16:44:25,3951,active,5,1,0,14,0
2020-09-23 16:44:25,3952,active,2,0,0,17,0
2020-09-23 16:44:25,3953,active,0,0,0,25,0
2020-09-23 16:44:25,3955,active,3,0,0,16,0
2020-09-23 16:44:25,3956,active,4,0,1,18,0
2020-09-23 16:44:25,3957,active,2,0,2,15,0
2020-09-23 16:44:25,3958,active,4,1,0,19,0
2020-09-23 16:44:25,3959,active,0,0,2,29,0
2020-09-23 16:44:25,3960,active,0,0,0,21,0
2020-09-23 16:44:25,3961,active,14,2,1,4,0
2020-09-23 16:44:25,3963,active,4,1,0,27,0
2020-09-23 16:44:25,3964,active,1,0,2,17,0
2020-09-23 16:44:25,3965,active,1,0,0,18,0
2020-09-23 16:44:25,3966,active,10,0,0,9,0
2020-09-23 16:44:25,3967,active,4,0,2,24,0
2020-09-23 16:44:25,3968,active,4,0,2,15,0
2020-09-23 16:44:25,3969,active,2,0,0,17,0
2020-09-23 16:44:25,3970,active,3,0,1,15,0
2020-09-23 16:44:25,3972,active,5,0,1,15,2
2020-09-23 16:44:25,3973,active,0,0,0,26,0
2020-09-23 16:44:25,3975,active,6,0,0,15,0
2020-09-23 16:44:25,3976,active,11,0,1,7,0
2020-09-23 16:44:25,3977,active,2,0,0,27,0
2020-09-23 16:44:25,3978,active,2,1,0,16,0
2020-09-23 16:44:25,3980,active,0,0,0,20,0
2020-09-23 16:44:25,3981,active,0,0,1,23,0
2020-09-23 16:44:25,3982,active,4,0,0,17,0
2020-09-23 16:44:25,3983,active,2,1,0,21,0
2020-09-23 16:44:25,3984,active,0,0,0,23,0
2020-09-23 16:44:25,3985,active,1,0,0,21,0
2020-09-23 16:44:25,3986,active,0,0,35,0,0
2020-09-23 16:44:25,3987,active,3,0,1,19,0
2020-09-23 16:44:25,3988,active,9,0,0,10,0
2020-09-23 16:44:25,3989,active,3,0,0,19,0
2020-09-23 16:44:25,3992,active,0,0,0,47,0
2020-09-23 16:44:25,3994,active,6,1,1,23,0
2020-09-23 16:44:25,3995,active,8,1,1,12,0
2020-09-23 16:44:25,3996,active,3,0,3,18,0
2020-09-23 16:44:25,3997,active,4,0,0,16,0
2020-09-23 16:44:25,3998,active,3,0,0,26,0
2020-09-23 16:44:25,3999,active,0,0,0,23,0
2020-09-23 16:44:25,4000,active,7,0,1,14,0
2020-09-23 16:44:25,4001,active,11,0,1,12,0
2020-09-23 16:44:25,4002,active,2,0,0,22,0
2020-09-23 16:44:25,4004,active,13,1,0,8,0
2020-09-23 16:44:25,4005,active,0,0,0,24,0
2020-09-23 16:44:25,4006,active,1,0,0,24,0
2020-09-23 16:44:25,4007,active,1,0,1,28,0
2020-09-23 16:44:25,4009,active,1,0,0,34,0
2020-09-23 16:44:25,4010,active,0,0,0,24,0
2020-09-23 16:44:25,4011,active,0,0,1,24,0
2020-09-23 16:44:25,4012,active,1,0,0,22,0
2020-09-23 16:44:25,4013,active,0,0,0,24,0
2020-09-23 16:44:25,4014,active,0,0,1,21,0
2020-09-23 16:44:25,4015,active,3,2,0,28,0
2020-09-23 16:44:25,4016,active,0,0,1,21,0
2020-09-23 16:44:25,4017,active,1,0,0,21,0
2020-09-23 16:44:25,4018,active,0,0,0,21,0
2020-09-23 16:44:25,4019,active,13,0,0,4,0
2020-09-23 16:44:25,4020,active,4,0,1,17,0
2020-09-23 16:44:25,4021,active,6,1,0,15,0
2020-09-23 16:44:25,4023,active,14,0,1,9,0
2020-09-23 16:44:25,4024,active,1,1,2,30,0
2020-09-23 16:44:25,4025,active,1,0,0,19,0
2020-09-23 16:44:25,4027,active,2,2,1,20,0
2020-09-23 16:44:25,4028,active,4,0,0,15,0
2020-09-23 16:44:25,4029,active,7,4,2,14,0
2020-09-23 16:44:25,4030,active,5,0,0,18,0
2020-09-23 16:44:25,4031,active,2,0,2,15,0
2020-09-23 16:44:25,4032,active,2,0,0,17,0
2020-09-23 16:44:25,4034,active,0,0,1,26,0
2020-09-23 16:44:25,4035,active,0,0,0,20,0
2020-09-23 16:44:25,4036,active,31,1,0,5,0
2020-09-23 16:44:25,4037,active,19,0,1,19,0
2020-09-23 16:44:25,4038,active,7,0,0,22,0
2020-09-23 16:44:25,4040,active,38,3,2,11,0
2020-09-23 16:44:25,4041,active,0,0,1,17,0
2020-09-23 16:44:25,4043,active,1,0,1,22,0
2020-09-23 16:44:25,4044,active,3,0,5,41,0
2020-09-23 16:44:25,4045,active,29,0,0,10,0
2020-09-23 16:44:25,4047,active,0,0,1,26,0
2020-09-23 16:44:25,4048,active,0,0,0,20,0
2020-09-23 16:44:25,4050,active,0,0,0,21,0
2020-09-23 16:44:25,4051,active,1,0,0,25,0
2020-09-23 16:44:25,4052,active,2,1,0,25,0
2020-09-23 16:44:25,4053,active,0,0,1,18,0
2020-09-23 16:44:25,4054,active,3,0,0,16,0
2020-09-23 16:44:25,4055,active,2,1,0,25,0
2020-09-23 16:44:25,4056,active,4,3,1,19,0
2020-09-23 16:44:25,4057,active,0,0,0,23,0
2020-09-23 16:44:25,4058,active,39,8,0,2,0
2020-09-23 16:44:25,4059,active,0,0,0,31,0
2020-09-23 16:44:25,4060,active,0,0,0,23,0
2020-09-23 16:44:25,4061,active,0,0,0,23,1
2020-09-23 16:44:25,4062,active,0,0,0,23,0
2020-09-23 16:44:25,4063,active,0,0,0,24,0
2020-09-23 16:44:25,4064,active,2,0,0,21,0
2020-09-23 16:44:25,4065,active,1,0,0,34,0
2020-09-23 16:44:25,4066,active,0,0,0,23,0
2020-09-23 16:44:25,4067,active,0,0,0,23,0
2020-09-23 16:44:25,4068,active,0,0,0,30,0
2020-09-23 16:44:25,4069,active,1,0,0,23,0
2020-09-23 16:44:25,4070,active,2,1,2,20,0
2020-09-23 16:44:25,4071,active,3,1,0,19,0
2020-09-23 16:44:25,4072,active,38,11,0,2,0
2020-09-23 16:44:25,4073,active,35,5,0,0,0
2020-09-23 16:44:25,4074,active,3,2,0,20,0
2020-09-23 16:44:25,4075,active,1,1,3,34,0
2020-09-23 16:44:25,4076,active,18,1,0,11,0
2020-09-23 16:44:25,4078,active,1,0,0,30,0
2020-09-23 16:44:25,4079,active,10,0,0,11,0
2020-09-23 16:44:25,4081,active,6,0,0,15,0
2020-09-23 16:44:25,4082,active,5,0,1,24,0
2020-09-23 16:44:25,4083,active,11,0,0,9,0
2020-09-23 16:44:25,4084,active,8,1,1,13,0
2020-09-23 16:44:25,4085,active,3,1,0,22,0
2020-09-23 16:44:25,4086,active,8,0,1,12,0
2020-09-23 16:44:25,4087,active,0,0,1,21,0
2020-09-23 16:44:25,4088,active,3,1,2,15,0
2020-09-23 16:44:25,4090,active,3,0,0,18,0
2020-09-23 16:44:25,4091,active,0,0,17,4,0
2020-09-23 16:44:25,4092,active,2,0,0,17,0
2020-09-23 16:44:25,4093,active,1,0,1,23,0
2020-09-23 16:44:25,4094,active,2,0,0,19,0
2020-09-23 16:44:25,4096,active,3,2,0,27,0
2020-09-23 16:44:25,4098,active,1,0,0,19,0
2020-09-23 16:44:25,4099,active,16,0,0,5,0
2020-09-23 16:44:25,4102,active,0,0,0,22,0
2020-09-23 16:44:25,4103,active,1,0,0,18,0
2020-09-23 16:44:25,4104,active,0,0,1,19,0
2020-09-23 16:44:25,4105,active,7,1,0,14,0
2020-09-23 16:44:25,4106,active,0,0,1,18,0
2020-09-23 16:44:25,4108,active,17,2,0,2,0
2020-09-23 16:44:25,4109,active,0,0,1,20,0
2020-09-23 16:44:25,4110,active,14,1,1,15,0
2020-09-23 16:44:25,4116,active,0,0,0,19,0
2020-09-23 16:44:25,4118,active,37,0,0,8,0
2020-09-23 16:44:25,4120,active,33,1,4,6,0
2020-09-23 16:44:25,4121,active,13,1,2,38,0
2020-09-23 16:44:25,4122,active,17,0,2,33,1
2020-09-23 16:44:25,4123,active,19,0,1,38,0
2020-09-23 16:44:25,4124,active,1,0,1,46,0
2020-09-23 16:44:25,4125,active,34,0,2,1,0
2020-09-23 16:44:25,4127,active,1,0,0,18,0
2020-09-23 16:44:25,4128,active,1,1,0,23,0
2020-09-23 16:44:25,4129,active,0,0,1,17,0
2020-09-23 16:44:25,4130,active,17,0,0,5,0
2020-09-23 16:44:25,4131,active,18,1,1,0,0
2020-09-23 16:44:25,4132,active,4,0,0,15,0
2020-09-23 16:44:25,4133,active,1,1,2,17,0
2020-09-23 16:44:25,4134,active,3,2,0,21,0
2020-09-23 16:44:25,4135,active,7,1,0,16,0
2020-09-23 16:44:25,4138,active,2,0,0,17,0
2020-09-23 16:44:25,4139,active,3,0,0,16,0
2020-09-23 16:44:25,4141,active,0,0,0,20,0
2020-09-23 16:44:25,4147,active,2,2,1,16,0
2020-09-23 16:44:25,4148,active,2,0,1,24,0
2020-09-23 16:44:25,4150,active,0,0,0,25,0
2020-09-23 16:44:25,4151,active,4,1,0,17,0
2020-09-23 16:44:25,4154,active,4,3,0,15,0
2020-09-23 16:44:25,4155,active,1,0,0,18,0
2020-09-23 16:44:25,4156,active,2,1,0,17,0
2020-09-23 16:44:25,4158,active,4,2,0,15,0
2020-09-23 16:44:25,4162,active,0,0,0,19,0
2020-09-23 16:44:25,4166,active,26,2,0,1,0
2020-09-23 16:44:25,4167,active,18,12,0,1,0
2020-09-23 16:44:25,4174,active,0,0,0,21,0
2020-09-23 16:44:25,4188,active,0,0,0,31,0
2020-09-23 16:44:25,4193,active,0,0,0,21,0
2020-09-23 16:44:25,4199,active,0,0,0,21,0
